Historia Daniae,2,historia danius,2
Biblia Graeca,2,biblia graecus,2
Opera,1,opus1,1
Homiliae in Lucam,3,homiliae luca,2
Homiliae in Acta Apostolorum,4,homiliae actum apostolicus,3
Operum Tomus Octavus,3,opus1 tomus octavus,3
Homiliae in Johannem,3,homiliae iohannis,2
Commentarius in Esaiam,3,commentarius esaia,2
"""Commentarius in Exodum, Leviticum, Lib. Judicum & Ruth, Jobum et Amos""",11,commentarius exodus leviticus liber4 judex ruth job amos,8
Discussiones Peripateticae,2,discussio peripateticus,2
Commentarius in Lib. 1 Samuelis,5,commentarius liber4 samuel,3
Opera Latina,2,opus1 latinus,2
Teutsche Schriften,2,deutsch schrift,2
Alcorn ejusque Confutationes,3,alcoran confutatio,2
Idea reformandi Antichristi,3,idea reformatio antichristus,3
"""Electoris Moguntini, Praecationes Sacrae""",4,elector mainz praecatio sacer,4
Lectiones Memorabiles,2,lectio memorabilis,2
Stemmata Principum Christianorum,3,stemma princeps christianus,3
Descriptio Sacrorum Sacrificiorumque Gentilium,4,descriptio sacer sacrificus gentilis,4
Ponti Euxin. & Maris Eryth. Peri.,6,pontus1 euxinus mare eryth pereo,5
Antiquitates Convivales,2,antiquitas convivalis,2
Historia Augusta Scriptores Latini Minores,5,historia augustus1 scriptor latinus minor,5
De Republica Romana,3,respublica roma,2
Germania,1,german*,1
De Rebus Hungaricis,3,res hungaria,2
Historiam Reformantionis Ecclesiae Anglicanae,4,historia reformatio ecclesia anglicanus,4
Bibliotheca Caesarea Vindobonensis,3,bibliotheca caesar vienna,3
Acta Pietistica,2,actum pietisticus,2
Symphorematii,1,symphoremata,1
Acta Papebrochiana contra Carmelitas,4,actum papebrochianus contra carmelitas,4
De Rebus Polonicis,3,res polonia,2
Criminalia,1,criminalis,1
Preusische Kirchen Historia,3,preussen kirche historia,3
Praxis Epistolicum,2,praxis epistolicus,2
Viridarium Epistolicum,2,uiridarium epistolicus,2
Verus Amor Conjugalis,3,verus amo conjugalis,3
Orbis Gothicus,2,orbus gothicus,2
De Vetere Clerico Monacho,4,vetus clericus monachus,3
Clavis Pharmaceutica Schroederiana,3,clauis pharmaceuticus schroeder,3
De Divino In Morbis,4,divinus morbus,2
Commentarius in Tit. De Regulis Juris,6,commentarius titulus regula jus,4
Chrysostomus a Lutheranismo Vindicates,4,chrysostomus lutheranismo uindicates,3
Vindicatio Augustanae Confessionis,3,vindicatio augustanus confessio,3
De Jure Hominis,3,jus homo,2
Exercitatio Chwalkovii Jus Publicum Poloniae,5,exercitatio chwalkouii jus publicus polonia,5
De Augusto Duce Brunsvicensi,4,augustus1 duco braunschweig,3
De Vetustate Domus Luneburgicae,4,vetustas domus luneburgica,3
Scriptores Insignes,2,scriptor insignis,2
De Academiis,2,academia,1
De Tempore & Horologiis,4,tempus horologium,2
De Solennibus Appellationibus,3,solemnis appellatio,2
In Canticum Canticorum,3,canticus canticus,2
Tactica & Ars Militaris,4,tactica ars militaris,3
Lexicon Juris Sueo-Gothici,3,lexicon jus sueus gothicus,4
De Fide Historica,3,fides1 historicus,2
De Bello Tartarico,3,bellus tartaricus,2
Miles Togatus,2,miles togatus,2
Poemata Sacra,2,poema sacer,2
Schlüssel zur Polnischn und Deutschn Sprach,6,schlüssel polonia deutsch sprache,4
Hoh Polnisch Cantzeley,3,hoh polonia kanzlei,3
Rübenzahl,1,rübenzahl,1
Soliloquia,1,soliloquia,1
Fascinus Lutheri,2,fascis neu luther,3
Interesse religionum Christianarum,3,intersum religio christianus,3
Opuscula Juridica Regnum Polonia Concernentia,5,opusculum iuridicus regnum polonia concernentia,5
Institutiones Politica,2,institutio politicus,2
De Modis Acquirendi,3,modus acquiro,2
Libertas Aquila Triumphans,3,libertas aquila1 triumpho,3
Palaestra Nobilium,2,palaestra nobilis,2
De Adhaerendo Deo,3,adhaereo deus,2
Ostendum 2. Puerorum,3,ostendum puer,2
Florus Polonicus,2,florus1 polonia,2
Geheim Schreibkammer,2,geheim schreibkammer,2
Critica in Annales Baronii,4,criticus annalis baro,3
Dendrologia,1,dendrologia,1
Pandectas,1,pandectae,1
Codicem,1,codex,1
Praxis Juris Rom.,3,praxis jus rus,3
Wahre Abbildung der Ersten Christen,5,wahre abbildung christus,3
Ketzer Historien I und II,5,ketzer historia,2
Ketzer Historien III und IV,5,ketzer historia iii,3
Refutation von Arnotts Ketzer Historien (Bedencken über Herrn Gottfried Arnolds Ketzer-Historie),11,refutatio arnotts ketzer historia bedenken herr gottfried arnold,8
Constantiensis Tomi VI,3,constantiensis tomus vis,3
Acta Papebrochiana,2,actum papebrochianus,2
Auslegung des Alcorans (Alcoranus Mahometicus),5,auslegung alcoran alcoran mahometicus,4
De Libertate Ecclesiarum Germaniae,4,libertas ecclesia german*,3
Monasteriologia pars 2,3,monasteriologia pars,2
Chronologia Monasteriorum Germaniae,3,chronologia monasterium german*,3
Historia Judaica,2,historia iudaeus,2
Opus de Osculis,3,opus1 osculum,2
Triplex Phasis Sophicus,3,triplex phasis sophicus,3
Revidirte Kirchenordnung,2,reuidirt kirchenordnung,2
Kirchken Ordnungen im Landn Tho Pamern,6,kirche ordnung land thos pamer,5
Miranda circa Aug. Confess.,4,miro circa aug confess,4
Selecta de Fide Controversia,4,selecta fides1 controversia,3
Histoire du Calvinisme,3,histoire caluinisme,2
Critique Generale de L'Histoire du Calvinisme,6,criticus generalis histoire caluinisme,4
Notita Ducatus Prussiae,3,nota ducatus preussen,3
Historia Ecclesiastica Breviarium,3,historia ecclesiastes breviarius,3
Opuscula,1,opusculum,1
Ad Consuetudines Flandriae,3,consuetudo flandriae,2
Histoire du Roy Louis le Grand: par les Medailles,9,histoire roy louis grand par medailles,6
Evangl. Predigens,2,euangelistus predigt,2
Bibliotheca Realis Theologica Omnium Materium,5,bibliotheca realis theologicus omne materium,5
De Verborum Quae Ad Ius Pertinent Significatione,7,verbum jus pertineo significatio,4
Annotationes Biblicae,2,annotatio biblia,2
Eros Lipsicus,2,erus lipsicus,2
Insignia Turcica,2,insigne turcus,2
De Oraculis Ethnicorum,3,oraculum ethnicus,2
Episcopus Miles in Veteri Ecclesia Invisus,6,episcopus miles vetus ecclesia invideo,5
Fides et leges Mohamedis,4,fides1 lex mohamedis,3
De Arthritide Libri Duo: De Sanguine et Ejus Sero,9,arthritide liber4 duo sanguis sero1,5
De Antiquo Statu Thuringiae,4,antiquus status thuringia,3
Grammatica Linguae Hebraeae,3,grammatica lingua hebraeus,3
Physica Aeque Ac Historia De Glossopetris Luneburgensibus,7,physica1 aequus historia glossopetris luneburgica,5
Privilegia Universitatum,2,privilegium universitas,2
Orationes Duae: De Dignitate Academiarum et De Literariis Gradibus,9,oratio duo dignitas academicus littera gradus,6
Comitis Epistola (Mirandulae Domini Concordiaeque Comitis Strix),7,comitus epistula mirandulae dominus concordia1 strix,6
Epitome Astronomiae,2,epitome astronomia,2
"""De Alea Veterum, Opusculum Posthumum""",5,alea vetus opusculum postumus,4
Compendium Prosodiae Graecae,3,compendium prosodia graecus,3
De Quietistarum Persecutionibus,3,quietistus persecutio,2
Historia Transubstantationis Papalis,3,historia transubstantatio papa,3
Viridarium Spiritus Sancti,3,uiridarium spiritus sancio,3
Hodegeta Didacticus Syriacus,3,hodegeta didacticus syriacus,3
Ortus et Occasus Calculi Renum,5,orior occido2 calculus renum,4
Moderni Status Sacri Romani Imperii,5,modernus status sacer roma imperium,5
"""Ellychnia Accensa Ad Melius Lumen suae """"Lucernae De Moderno Sacri Romani Imperii Statu""""""",13,ellychnium accendo2 bonus lumen lucerna modernus sacer roma imperium status,10
Fontes Juris Publici Romano-Germanici,4,fons jus publicus romanus german*,5
Christiani Orbis Perspicillum,3,christianus orbus perspicillum,3
Opuscula Juridica Illustriarum Materiarum,4,opusculum iuridicus illustris materia,4
Decision,1,decisio,1
Roma Nova,2,roma novus,2
Tractatus De Feudis,3,tractatus feudum,2
Libri Duo De Substitutione Pupillari,5,liber4 duo substitutio pupillo,4
Tractat De Beneficiis Ecclesiasticis,4,tractatus beneficium ecclesiastes,3
Imperator Justinianus Magnus,3,imperator justinianus magnus,3
Anatomia Corporis Humani,3,anatomia corpus humanus,3
"""De Usu Lienis, Cerebri Et De Ichoribus""",7,usus lienis cerebrum ichoribus,4
Respublica Hebraeorum,2,respublica hebraeus,2
Thalia Alcmariana,2,thalia alkmaar,2
Beschreibung Des Kriegs Zwischen Den Nordischn Crown,7,beschreibung krieg nordisch crow,4
Hodegeticum Pestilentiale Sacrum,3,hodegeta pestilentialis sacer,3
Papista Incertus Oder Ungewißheit Der Römische Catholischen,7,papa incertus ungewißheit roma catholische,5
Hypnologia: Fragen und Antworten von dem Schlaf,7,hypnologia frage antwort schlaf,4
Odhelii Synagoga Bifrons,3,odhelii synagoga bifrons,3
Teutsche Bibel,2,deutsch biblia,2
Decisiones Cathalonia,2,decisio cathalonia,2
Ephemerides,1,ephemeris,1
Unterricht von den Pflichten Christlicher Schullehrer,6,unterricht pflichte christlich schullehrer,4
Ephemeridum Medico,2,ephemeris medicus,2
De Gradibus Academicis,3,gradus academicus,2
De Legationibus Statuum Imperii,4,legatio status imperium,3
De Feudis Imperii,3,feudum imperium,2
Thesaurus Criticus,2,thesaurus criticus,2
Chronica,1,chronicon,1
Gothofredi Immo,2,gothofredus immo,2
Wappenbuch (Part 5 and 6),5,wappenbuch,1
Historiam Aethiopicam,2,historia aethiopicus,2
Dissertationes Philologicae De Decem Otiosis Synagogae,6,dissertatio philologicus otiosus synagoga,4
"""Ad Generosam Ac Praenobilem Holzhusiorum Gentem De Vero Mortis Genere, ex quo Henricus VII""",14,generosus praenobilis holzhausen gens mors gener henricus,7
Syntagma Historicum De Gunthero Schwartzburg,5,syntagma historicus guntherus schwartzburg,4
Historiam Principum Anhaltinorum,3,historia princeps anhalt,3
Pausaniae Graeciae Descriptio Accurata,4,pausanias graecus descriptio accuratus,4
Consilia,1,consilium,1
Ruth Moabitis: Zwey and Sechzig Predigten,6,ruth moabites sechzig predigt,4
Zwantzig Ursachen,2,zwantzig ursache,2
"""Niederlegung der Nichtigen Widerlegung Bernhardi Waldschmids, Kraft Deren Er Die 20 Zwantzig Ursachen""",13,niederlegung nichtige widerlegung bernhardus waldschmid kraft zwantzig ursache,8
Kedd Vertiginosus,2,kedd uertiginosus,2
Abtrückung der Keddischen Genannten Schmidslaug,5,abdruck keddische genannt schmidtslaug,4
Acht Christliche Juden-Predigten,3,acht christlich iudaeus predigt,4
Trias Concionum Singularium,3,concio singularis,2
Trias Concionum Singularium Altera,4,concio singularis alter,3
Friedens Leben,2,frieden lebe,2
Zwölf Christliche Leichpredigten,3,christlich leichpredigt,2
"""Der Weitberühmten Freyen Reichs-, Wahl-, und Handels-Stadt Frankfurt am Mayn Chronica""",11,weitberühmt frei reich wahl handel stadt frankfurt may chronicon,9
Schmidtslaug,1,schmidtslaug,1
De Gradibus Academicis,3,gradus academicus,2
Biblicarum Historiarum Tabula Geographica,4,biblia historia tabula geographia,4
Panegyricus Ludovico XIV,3,panegyricus ludouicus xiu,3
"""Solemnia Gratulationis Ad Augustum II, Regem Poloniarum""",7,solemnis gratulatio augustus1 rex polonia,5
Compendium Geographicum Praecipua Geographiae Tam Generalis,6,compendium geographia praecipuus geographia generalis,5
Commentarius de Abusu Tabaci Americanorum Veteri,6,commentarius abusus tabaci americanus vetus,5
Miscellanearum Observationum Libri Quator,4,miscellanearum obseruatio liber4,3
Epitome Historiae Ecclesiasticae,3,epitome historia ecclesiastes,3
In Dreissig Leichpredigten,3,dreissig leichpredigt,2
"""Jurisprudentia Qua Publica, Qua Privata""",5,iurisprudentia publicus priuatus,3
Belehrung der Jüdisch-Teutschen Red- und Schreibart,6,belehrung iüdisch deutsch red schreibart,5
Anleitung zu Gründlicher Verständniß der Heiligen Offenbahrung Jesu Christi,9,anleitung gründlich uerständniß heilig offenbahrung iesus christus,7
Trifolium Hebraeo-Philologicum,2,trifolium hebraeus philologicus,3
Deliciae Hebraeo-Philologicae,2,delicia hebraeus philologicus,3
Compendium Historiae Judaicae,3,compendium historia iudaeus,3
Bibliotheca Carpzoviana,2,bibliotheca carpzov,2
Historia Gothana,2,historia gothana,2
"""Merycologia, sive, De Ruminantibus et Ruminatione Commentarius""",7,merycologia rumino ruminatio commentarius,4
Dissertationes Historicae Variorum Monasteriorum,4,dissertatio historicus varius1 monasterium,4
Augiae Papatus Stabulum Herculis Christiani Divi Martini Lutheri Laboribus Repurgatum,10,augiae papa stabulum herculis christianus divus martinus luther labor2 repurgare,10
Historischer Bericht von dem Marianisch-Teutschen Ritter-orden,6,historischer bericht marianisch deutsch ritter orde,6
Sylloge Genealogico-Historica,2,sylloge genealogicus historicus,3
Helvetia Antiqua et Nova,4,heluetia antiquus novus,3
Religiosae Kijovienses Cryptae,3,religio kiiouienses crypta,3
"""Benno, Episcopus Olim Misenensis""",4,benno episcopus olim misenensis,4
Incerti Poetae Teutonici Rhythmus de Sancto Anmone Colan,8,incertus poeta teutonicus rhythmus sancio anmone colo2,7
Elegidia et Poematia Epidictica,4,elegidion poematium epidictica,3
Dialogus De Praestantia Virorum Sui Aevi,6,dialogus praesto2 vir aevum,4
"""Eigentlicher und Gründlicher Bericht, Dessen Was zu einer volkommenen Erkantnuß deß Hochlöblichen, Ritterlichen Ordens, S. Johannis von Jerusalem zu Malta""",20,eigentlicher gründlich bericht vollkommen erkenntnis dess hochloblich ritter orden iohannis ierusalem malta,12
Vom Urpsrung der alten löblichen Universität Heidelberg,7,ursprung alt löblich uniuersität heidelberg,5
"""Quaestura, In qua Vita Ciceronis Refertur""",6,quaestura uita cicero refero,4
De Republica Hebraeorum,3,respublica hebraeus,2
Antiquitates Ecclesiae Orientalis,3,antiquitas ecclesia orientalis,3
Disceptatio de Lusu Aleae,4,disceptatio ludo alea,3
Hungaria Illustrata,2,hungaria illustratio,2
Auriaco-Nassovia Domus,2,auriaco nassau domus,3
Campania,1,campanus,1
Coelum Stellatum,2,coelum stello,2
Der Sächsischen Stamm-Mutter Margarethen,4,sachsisch stamm mutter margarethe,4
Discours von Erfindung der löblichen Buchdruckerkunst in Teutschland,8,discours erfindung löblich buchdruckerkun deutschland,5
De Diabete Dissertatio,3,diabete dissertatio,2
De Vulneribus Sclopetorum Tractatus,4,vulnus sclopetorum tractatus,3
De Febre Purpurea,3,febris purpureus,2
"""Umbra in Luce, Consensus et Dissensus Religionum Profanarum""",8,umbro luceo consentio dissentio religio profanus,6
"""Oratio, De Vetustissimo Wirtembergensis Ducatus Oppida Calva""",7,oratio vetustus wirtembergensis ducatus oppidum calvus1,6
"""Super Poetis Latinis, Nov-Antiquis, Censura""",5,poeta latinus nou antiquus censeo1,5
De Casei Nequitia,3,caseus nequitia,2
De Asini Lana Satyricon,4,asinus lana satyricus1,3
De Bona Mente Oratio,4,bonus mens oratio,3
Polonia,1,polonia,1
De Curandis Vulneribus,3,curo vulnus,2
Vita Clavdii Galeni,3,uita claudius galeni,3
Clavdii Galeni Chronologicum Elogium,4,claudius galeni chronologia elogium,4
De Theriaca et Mithridatio,4,theriaca mithridatio,2
Von Denen Wütenden Hundsbissen,4,wütend hundsbisse,2
Türcken Büchlein,2,turcus büchlein,2
Beht-Buss-Sturm und Türken-Glokke,3,beten büssen sturm turcus glocke,5
Wolmeinendes Bedencken,2,wolmeinend bedenken,2
Gnadenschatz des heiligen Rosencrantzes,4,gnade schatz heilig rosencrantz,4
Academia Universalis Philadelphica,3,academia universalis philadelphica,3
Praxis Chirurgica Rationalis,3,praxis chirurgica ratio,3
Medicus Peccans,2,medicus pecco,2
Prophylaxis circa Praesentem et Futurum Sanitatis Statum,7,prophylaxis circa praesens sanitas status,5
Affectionum Qua Discuntur Hystericae et Hypochondriacae Pathologia Spasmodica Vindicata,9,affectio disco hystericae hypochondriacae pathologia spasmodica vindico,7
Historia Von Francisco Spiera,4,historia francisco spiera,3
Criticorum Sacrorum,2,criticus sacer,2
Disquisitio de Chirothecarum Usu et Abusu,6,disquisitio chirotheca usus abusus,4
De Vita Pythagorica,3,uita pythagoricus,2
Prudentia Civilis et Peritiae Rei Militaris Exemplar: Vita Jephtae,9,prudens civilis1 peritia res militaris exemplar uita iephtae,8
Epistolae Omnes,2,epistula omne,2
Fasciculus Rerum Expetendarum et Fugiendarum,5,fasciculus res expeto fugere,4
Clarorum Vivorum ad Eum Epistolae,5,clarus vivus epistula,3
Atlantica,1,atlanticus,1
Commentariorum De Rebus Suecicis,4,commentarius res suecicis,3
Commentariis et Notae Criticae in Vetus Testamentum,7,commentarius nosco criticus vetus testamentum,5
De Naxera Toletani: Excursus Morales in Librum Primum Regum,9,naxera toletani excurro moralis liber4 primus rex,7
Geographia Ordine Litterarum Disposita,4,geographia ordo littera dispono,4
Antiquitatum et Annalium Trevirensium,4,antiquitas annalis treuirensium,3
Rerum Germanicarum,2,res german*,2
La Sainte Bible,3,sainte biblia,2
Gesta Pontificum Romanorum,3,gestum pontifex roma,3
Commentarii Litterales ac Morales in Librum Judicum Tomus Secundus et Tertius,11,commentarius littera moralis liber4 judex tomus secundus1 tertius,8
Opera Castigata et Restituta,4,opus1 castigo restituo,3
Verwerd Europa,2,uerwerd europa,2
Delectus Consiliorum Exoticorum,3,deligo1 consilium exoticus,3
Disquisitio Juris Publici De Bonis Ecclesiasticis,6,disquisitio jus publicus bonus ecclesiastes,5
Differentiae Juris Civilis et Reformationis Francofurtensis,6,differentia jus civilis1 reformatio frankfurt,5
Decisionum Illustrium Saxonicarum Synopsis,4,decisio illustris saxonicus synopsis,4
Definitionum Forensium ad Constitution,4,definitio forensis constitutio,3
Inventarium Templorum,2,inventarium templum,2
Processus Juris Judicii Provincialis Sueviae,5,processus2 jus judicium provincialis sueuici,5
Kreutterbuch,1,kreutterbuch,1
Teutsch Bibel,2,deutsch biblia,2
Historia Mundi Naturalis,3,historia mundus natura,3
Lexicon Juridicum,2,lexicon juridicus,2
Opera,1,opus1,1
Syntagma Juris Universi,3,syntagma jus universus,3
Opera,1,opus1,1
Encomium Invidiae,2,encomium invidia,2
Historiarum Sui Temporis: Opera,4,historia tempus opus1,3
Epitome Adagiorum,2,epitome adagium,2
Polymnemon: Seu Florilegium Locorum Communium,5,polymnemo florilegium locus communis,4
Historia Ecclesiastica: Magdeburg Centuries,4,historia ecclesiastes magdeburg centuries,4
"""Theatrum Europaeum (Partes I, II, IV, VI)""",7,theatrum europa pars vis,4
Von den Ursachen des Teutschen Kriegs Kaiser,7,ursache deutsch krieg kaiser,4
Hieroglyphica: De Sacris Aegyptiorum,4,hieroglyphica sacer aegyptus,3
Chronicon Alsatiae,2,chronicon alsatia,2
Der Statt Wormbs Reformation,4,worms reformatio,2
Platonis Opera,2,plato opus1,2
Rerum Germanicarum,2,res german*,2
Germanicarum Rerum Scriptores,3,german* res scriptor,3
Veterum Scriptorum,2,vetus scriptor,2
Rerum Alamannicarum Scriptores,3,res alemanni scriptor,3
Rerum Gallicarum Annales,3,res gallica annalis,3
Requies Justi,2,requies justus,2
Ecclesiastes: Der Prediger Salomo,4,ecclesiastes predigt salomo,3
Germaniae Exegeseos,2,german* exegeseos,2
Chronicon Insigne Monasterii Hirsaugiensis,4,chronicon insigne monasterium hirsaugiensis,4
Der Statt Frankfurt am mayn Erneuwerte Reformation,7,frankfurt may erneuert reformatio,4
Grundtliche Untterrichtung eins Erborn Rats der Statt Nürmberg,8,gründlich untterrichtung erbor rat nürnberg,5
Vier Bücher der Ritterschaft,4,buch ritterschaft,2
"""Officia Ciceronis, Teutsch""",3,officium cicero deutsch,3
Die Vier Bücher Sexti Julii Frontini,6,buch sextus1 iulius frontinus,4
"""Eines Ehrsamen Raths deß Heyl. Reichs-Stadt Augspurg, Erneuertes Statutum und Ordnung""",11,ehrsam rat dess heilig reich stadt augsburg erneuert statutum ordnung,10
Statuta Venetorum,2,statutum uenetae,2
Statuten der loblichen Statt Freiburg im Preißgow gelegen,8,statutum löblich freiburg breisgau gelegen,5
Das Buch des Heiligen Römischen Reichs Unterhaltung,7,buch heilig roma reich unterhaltung,5
Discursus et Vera Architecturae Militaris Praxis,6,discursus2 verus architectura militaris praxis,5
Provinciarum Europae Geographica Descriptio,4,provincialis europa geographia descriptio,4
De Fluxu et Refluxu Aequae Maris,6,fluo refluxus aequus mare,4
Bambergische Peinliche Halßgerichtßordnung,3,bamberg peinlich halßgerichtßordnung,3
Moguntiacarum Rerum,2,mainz res,2
Diarium Europaeum,2,diarium europa,2
Conciliatio Cunctarum Legum,3,conciliatio cunctus lex,3
Controversiae Juris,2,controversia jus,2
Oeconomia Practica Juris Universi Civilis,5,oeconomia practicus jus universus civilis1,5
Practicarum Juris Observationum,3,practicus jus obseruatio,3
Semestrium Editio III,3,semestrium editio iii,3
Observationes Forenses,2,obseruatio forensis,2
Commentarius de Differentiis Juris Omnibus,5,commentarius differentia jus omne,4
Commentarius in VII Juris Civilis Difficillimas Leges,7,commentarius jus civilis1 difficilis lex,5
Controversia Ferrariensis,2,controversia ferrariensis,2
"""Ex Variorum Ictorum Singularibus Observationibus, Practicis, Responsis, Consiliis, et Praejudiciis Collegiorum Juridicorum""",12,varius1 ictorum singularis obseruatio practicus responsum consilium praejudicium collegium iuridicus,10
Postillae Evangelicae,2,postilla euangelistus,2
Postilla Epistolica,2,postilla epistolicus,2
Göttliche Buß-Posaun,2,göttlich büssen posau,3
Lutherus Redivivus,2,luther rediuiuus,2
Onomasticon Theologicum,2,onomastico theologia,2
Spicilegium Sacrum,2,spicilegium sacer,2
Kirchen-Postill,1,kirche postilla,2
Analecta Sacra: Uberbliebene Brocken,4,analecta sacer überbleiben brocke,4
Opera Pia et Spiritualia,4,opus1 pius spiritualia,3
Mausoleum,1,mausoleum,1
Ad Serenissimum [Hochzeitsglückwunsch auf Ludwig VI Landgraf zu Hessen-Darmstadt],9,serenissimum hochzeitsglückwunsch ludwig vis land graf hesse darmstadt,8
Cammergerichts Ordnung,2,cammer gericht ordnung,3
Der Statt Frankfurt Ernewerte Reformation,5,frankfurt erneuert reformatio,3
Carmen Scholasticum,2,carmen1 scholasticus,2
Collatio ad Concilium Francofurdiense,4,collatio concilium frankfurt,3
Fewerzeugk Gerichtlicher Ordnung,3,feuerzeug gericht ordnung,3
Theasurus Rerum Publicarum,3,thesaurus res publicus,3
Acta Publica,2,actum publicus,2
Unvorgreifliches Sentiment über die Neue Hanoverische Cur-Würde,7,unuorgreifliches sentiment hanoverisch,3
Gründlicher Unterricht Vom Urpsrung,4,gründlich unterricht ursprung,3
Ausführliche Beschreibung des Unfugs welchen die Pietisten zu Halberstadt,9,ausführlich beschreibung unfug pietisticus halberstadt,5
Horticultura,1,horticultura,1
"""Nova et Succincta, Vera Tamen Historia de Amplissimo Potentissimoque Regno China""",11,novus succingo verus historia amplus potens regno china,8
Collegium Institutionum Problematicum Medicinae,4,collegium institutio problematicus medicina,4
Opera Medico-Chirurgica: 1. Praxis Clinica Generalis ad Jonstoni Ideam,9,opus1 medicus chirurgica praxis clinicus generalis ionstoni ideam,8
Admiranda Microcosmi: Collegium Anthropologicum,4,admiror microcosmos collegium anthropologicus,4
Synopses Epitomes Medicinae Practicae,4,synopsis epitome medicina practicus,4
Aerarium Medicum,2,aerarius medicus,2
Catalogus Omnium Librorum: Qui in Utroque Thesauro Antiquitatum Romanarum et Graecarum,11,catalogus omne liber4 utriusque thesaurus antiquitas romanus graecus,8
Dendrologiae,1,dendrologia,1
Critica Historico-Chronologica in Annales Baronii,5,criticus historicus chronologia annalis baro,5
Processus Cameralis,2,processus2 cammer,2
Supplicationes Camerales,2,supplicatio cameralis,2
Biblia Hebraica,2,biblia hebraeus,2
Vocabularium Majus: Latino-Germanicum,3,uocabularius magnus latinus german*,4
Novum Testamentum Graece,3,novus testamentum graecus,3
Geistliche Erkwick-Stunden,2,geistlich erquicken stunde,3
Vitae Excellentium Imperatorum,3,uita excello imperator,3
Oeconomia: Hausbuch,2,oeconomia hausbuch,2
Biblia: Die Gantze Heilige Schrift,5,biblia heilig schrift,3
Biblia Hebraica Non Punctata,4,biblia hebraeus punctatus,3
Leben Christi,2,lebe christus,2
Genealogicarum Tabellarum,2,genealogicus tabella,2
Neu-augirte und Continuirte Chronica,4,neu augirt continuirt chronicon,4
Dasselische und Einbeckische Chronica,4,casselisch einbeckisch chronicon,3
Insignium Theoria: Operis Heraldici Pars Generalis,6,insignis theoria opus1 heraldicus pars generalis,6
Syntagma Inscriptionum Antiquarum,3,syntagma inscriptio antiquus,3
Theatrum Virorum Eruditione Clarorum,4,theatrum vir eruditio clarus,4
Opera Exegetica,2,opus1 exegetica,2
Liber Heroidum Epistolarum,3,liber4 herois epistula,3
Historia et Antiquitates Universitatis Oxoniensis,5,historia antiquitas universitas oxoniensis,4
Catalogus Impressorum Librorum Bibliothecae Bodleianae in Academia Oxoniensi,8,catalogus impressorum liber4 bibliotheca bodleiana academia oxoniensis,7
Opera Omnia,2,opus1 omne,2
Thesaurus ex Thesauro Palatino Selectus,5,thesaurus thesaurus palatina selectus,4
Plinianae Exercitationes,2,plinius exercitatio,2
Adversaria Commentaria,2,adversarius commentarius,2
Plinianae Exercitationes,2,plinius exercitatio,2
Plutarchi Chaeronensis Quae Extant Omnia,5,plutarchus chaeronensis existere omne,4
Platonis Opera Quae Extant Omnia,5,plato opus1 existere omne,4
Theologia Exegetica,2,theologia exegetica,2
Biblia et Historico-Harmonica,3,biblia historicus harmonicus,3
Opera Georgii Majoris,3,opus1 georg magnus,3
Opera Theologica,2,opus1 theologicus,2
Das Vierdte Hundert Episteln: Sendschreiben,5,uierdte hundert epistula sendschreibe,4
"""Syntagma Tractatum de Imperiali Jurisdictione, Authoritate et Praeeminentia""",8,syntagma tractatus imperium jurisdictio authoritas praeeminentia,6
De Tranquillitate Animi et Tractatus de Providentia Dei,8,tranquillitas animus tractatus provideo deus,5
Antiquitatum Romanarum,2,antiquitas romanus,2
Thesaurus Graecae Linguae,3,thesaurus graecus lingua,3
Hispania Illustrata,2,hispania illustratio,2
Historiae Romanae,2,historia roma,2
Historiae Herodoti Et Thucydidis,4,historia herodotus thucydides,3
Bibliotheca Historica,2,bibliotheca historicus,2
Polybii Historia,2,polybius historia,2
Philosophi et Imperatoris Clarissimi: Extant Opera,6,philosophus imperator clarus existere opus1,5
Accurata Graeciae Descriptio,3,accuratus graecus descriptio,3
Rerum Bohemicarum Antiqui Scriptores,4,res bohemia antiquus scriptor,4
Peribologia,1,peribologia,1
Peribologia,1,peribologia,1
In Ezechielem Explanationes,3,ezechiel explanatio,2
Annales Suevici,2,annalis sueuici,2
Annales Ecclesiae Britannicae,3,annalis ecclesia britannia,3
Expositio Patrum Graecorum in Psalmos 1,6,expositio pater graecus psalmus,4
Annales Romanorum,2,annalis roma,2
Epistolae Quotquot Reperiri Potuerunt,4,epistula reperio,2
Miscellanea Eruditae Antiquitatis,3,miscellaneum erudio antiquitas,3
Marmora Oxoniensia,2,marmoro oxoniensis,2
De Vitis Philosophorum,3,vita philosophus,2
Opera Omnia,2,opus1 omne,2
Subseciuorum Pecuniae Veteris Graecae et Romanae,6,subseciuorum pecunia vetus graecus roma,5
Antiquitates Romanorum,2,antiquitas roma,2
Catalogus Bibliothecae Publicae Lugduno-Batavae,4,catalogus bibliotheca publicus lugdunensis batauia,5
Opera Cornelii a Lapide,4,opus1 cornelius lapis,3
Annales Ecclesiastici,2,annalis ecclesiastes,2
Annales Ecclesiastici: Continuatio 1198-1534,4,annalis ecclesiastes continuatio,3
Opera Omnia,2,opus1 omne,2
Locorum Theologicorum,2,locus theologia,2
Senatus Populique Genuensis Historiae atque Annales,6,senatus populus1 genuensis historia annalis,5
Saxoniae Illustratae,2,saxonia illustratio,2
Bibliotheca: Theatrum Concionum,3,bibliotheca theatrum concio,3
Ordinis Minorum Opera Omnia,4,ordo parvus opus1 omne,4
Commentarii in Varios Novi Testamenti Libros,6,commentarius varius1 novus testamentum liber4,5
Tabula Chronographica,2,tabula chronographica,2
Homiliae in Evangelia Dominicalia,4,homiliae euangelium dominicalia,3
Summa de Haeresibus,3,summum haeresis,2
Concordia Evangelica in Quator Evangelistas et Summa de Haeresibus,9,concordia1 euangelistus euangelistus summum haeresis,5
Romanus Pontifex,2,romanus pontifex,2
Commentariorum ac Disputationum in Primam Partem Summae D. Thomae,9,commentarius disputatio primus pars summa thoma,6
Genealogiae Francicae Plenior Assertio,4,genealogia franc plenus assertio,4
Barrum Campano-Fancicum,2,barrum campanus fancicum,3
Historiae Insubricae,2,historia insubricae,2
De Sacrorum Hominum Continentia,4,sacer homo contineo,3
Selectorum,1,selectus,1
Nomocanon,1,nomocano,1
Liber Psalmorum Davidis Regis,4,liber4 psalmus dauidis rex,4
Episcopus Miles in Veteri Ecclesia Invisus,6,episcopus miles vetus ecclesia invideo,5
De Veteribus Ecclesiae Ritibus Observationum,5,vetus ecclesia ritus obseruatio,4
Enarrationes Epistolarum et Evangeliorum,4,enarratio epistula euangelium,3
Erotemata de Malis ac Bonis Libris,6,erotemata malo bonus liber4,4
Novae Bibliothecae Manuscript,3,novus bibliotheca manuscript,3
Conciliator,1,conciliator,1
De Resurrectione Mortuorum,3,resurrectio morior,2
De Statu Paganorum sub Christianis Imperatoribus,6,status paganus christianus imperator,4
Genesis cum Catholica Expositione Ecclesiastica,5,genesis catholicus expositio ecclesiastes,4
Heroicarum et Ecclesiasticarum Quaestionum,4,heroicus ecclesiastes quaestio,3
Manuale Theologicum,2,manuale theologia,2
Eclogarum ad Arnobium,3,ecloga arnobium,2
Lex Talionis XII Tabularum Cardinali Baroni ab Isaaco Casaubono Dicta,10,lex talio tabula cardinalis baro isaacus casaubono dico2,8
De Republica Ecclesiastica,3,respublica ecclesiastes,2
Annotationes in Vetus Testamentum: Incerto Auctore,6,annotatio vetus testamentum incertus auctor,5
Mella Patrum,2,mel pater,2
Furstenbergiana,1,furstenberg,1
Discours sur l'Histoire Universelle,4,discours sur histoire uniuerselle,4
Histoire du Grand Schisme d'Occident,5,histoire grand schisme occident,4
Sermon Presche a l'ouverture de l'assemblee generale du clerge de France,11,sermo presche ouuerture assemblee generalis clerge france,7
Histoire de l'Heresie des Iconoclastes,5,histoire heresie iconoclastes,3
Preservatif Contre le Changement de Religion,6,preseruatif contre changement religio,4
Histoire du Schisme des Grecs,5,histoire schisme grecs,3
Procez Verbal de l'Assemblee Extraordinaire de Messeigneurs les Archeveques et Eveques,11,procez uerbal assemblee extraordinaire messeigneurs archeueques eueques,7
Histoire de l'Arianisme,3,histoire arianisme,2
Histoire du Lutheranisme,3,histoire lutheranisme,2
Histoire du Calvinisme,3,histoire caluinisme,2
Histoire du Pontificat de S. Gregoire le Grand,8,histoire pontificat gregoire grand,4
Bibliophilia: De Scribendis Legendis et Aestimandis Libris Exercitatio Paraenetica,9,bibliophilia scribo lego2 aestimo liber4 exercitatio paraenetica,7
Histoire Des Croisades Pour la Delivrance de La Terre Sainte,10,histoire croisades pour deliurance terreo sainte,6
"""Entretiens d'Eudoxe et d'Euchariste, sur l'Histoire de l'Arianisme et l'Histoire des Iconoclastes""",12,entretiens eudoxe euchariste sur histoire arianisme iconoclastes,7
Histoire de la Ligue,4,histoire lig,2
"""Examen des Methodes Proposees Par Mrs de l'Assemblee du Clerge de France, en l'Anne 1682""",15,exame methodes proposees par assemblee clerge france anne,8
"""Edit du Roy, sur la Declaration Faite par le Clerge de France""",12,editus roy sur declaratio faite par clerge france,8
Abrege de l'histoire de l'Empire d'Allegmagne,6,abregen histoire empire allegmagne,4
Traite Historique de l'Etablissement et des Prerogatives de l'Eglise de Rome,11,traite historia etablissement prerogatiues eglise roma,6
Histoire de la Decadence de l'Empire Apres Charlemagne,8,histoire decadence empire apres charlemagne,5
La Politique du Clerge de France,6,polio1 clerge france,3
Remarques sur Une Lettre de M Spon,7,remarques sur une lettre spo,5
Le Tombeau de la Messe,5,tombeau meto2,2
L'Eglise Protestante Justifiee par l'Eglise Romaine sur Quelques Points de Controverse,11,eglise protestante iustifiee par romaine sur points controuerse,8
"""Traite de l'Eglise de Jesus-Christ, de l'Eucharistie, et de Quelques autres principaux Points""",13,traite eglise iesus christus eucharistie autres principaux points,8
Histoire du Wiclefianisme: De la Doctrine de Wiclef,8,histoire wiclef doctrine wiclef,4
Responses Genereuses et Chretiennes de Quatre Gentilshommes Protestans,8,response genereuses chretiennes quatre gentilshommes protestans,6
Les Entretiens de la Grille,5,entretiens grille,2
De Caesaribus Atque Imp. Romanis Opus Insigne,7,caesar imperium romanus opus1 insigne,5
Practicarum Conclusionum Juris,3,practicus conclusio jus,3
Annales Suevici,2,annalis sueuici,2
Lectionum Memorabilium,2,lectio memorabilis,2
Theatrum Humanae Vitae,3,theatrum humanus uita,3
De Rebuspublicis Hanseaticis,3,respublica hanseaticis,2
Rerum Germanicarum,2,res german*,2
Chronicon Alsatiae,2,chronicon alsatia,2
Gesta Dei per Francos,4,gestum deus franc,3
Opus Palatinum de Triangulis,4,opus1 palatina triangulus,3
Thesaurus Graecae Linguae,3,thesaurus graecus lingua,3
Opera Omnia,2,opus1 omne,2
Pugio Fidei Adversus Mauros et Judaeos,6,pugio fides1 aduersus maurus iudaeus,5
Commentarius Historicus et Apologeticus de Lutheranismo,6,commentarius historicus apologeticus lutheranismo,4
Historia Judaica,2,historia iudaeus,2
Jesu Turris Babel,3,iesus turris babel,3
"""Jesu, Sphinx Mystagoga: Diatribe Hieroglyphica, Qua Mumiae""",7,iesus sphinx mystagoga diatriba hieroglyphica mumiae,6
Musaeum Kircherianum,2,musaeum kircherianum,2
"""De Jure et Privilegiis Abbatum, Praelatorum, Abbatissarum, et Monialium""",9,jus privilegium abbas praelatus abbatissa monialium,6
De Jure Belli ac Pacis,5,jus bellus pax,3
Indices Generales Auctorum et Rerum,5,index generalis auctor res,4
Morhofi Polyhistor,2,morhofi polyhistor,2
Excellentium Familiarum in Gallia Genealogiae,5,excello familia gallia genealogia,4
Regum Pariumque Magnae Britanniae Historia Genealogica,6,rex par magnus britannia historia genealogicus,6
Responsa Juris Electoralia,3,responsum jus elector,3
Processus Juris in Foro Saxonico,5,processus2 jus forum saxonicus,4
Opus Decisionum Illustrium Saxonicarum,4,opus1 decisio illustris saxonicus,4
Jurisprudentia Ecclesiastica Seu Consistoralis Rerum et Quaestionum,7,iurisprudentia ecclesiastes consistoralis res quaestio,5
Disputatio Criminalis de Blasphemia,4,disputatio criminalis blasphemia,3
Bibliotheca Vetus et Nova,4,bibliotheca vetus novus,3
"""Indices Librorum Prohibitorum et Expurgandorum Novissimi, Hispanicus et Romanus""",9,index liber4 prohibitorum expurgare novus hispanicus romanus,7
Opera Historica et Philologica,4,opus1 historicus philologicus,3
Lexicon Latin-Germanicum,2,lexicon latinus german*,3
Thesaurus Locorum Communium Jurisprudentiae,4,thesaurus locus communis iurisprudentia,4
Lustiger und Ernsthaffter Monats-Gespräche,4,lustiger ernsthaffter monat gespräch,4
Epistolae Quotquot Reperiri Potuerunt,4,epistula reperio,2
Dissertatio Philosophica de Plagio Literario,5,dissertatio philosophicus plagium littera,4
Miscellanea Curiosa Sive Ephemeridum Medico,5,miscellaneum curiosus ephemeris medicus,4
Insignium Theoria: Operis Heraldici Pars Generalis,6,insignis theoria opus1 heraldicus pars generalis,6
Opera Omnia,2,opus1 omne,2
Annales Suevici,2,annalis sueuici,2
Germanicarum Rerum Scriptores,3,german* res scriptor,3
Rerum Germanicarum Veters VI,4,res german* ueters vis,4
Rerum Germanicarum Veters VI,4,res german* ueters vis,4
Veterum Scriptorum,2,vetus scriptor,2
Scriptores Rerum Germanicarum Septentrionalium,4,scriptor res german* septentrionalis,4
De Bohemiae Regni,3,bohemia regnum,2
De Pace Religionis Acta Publica et Originalia,7,pax religio actum publicus original,5
Germaniae Antiquae,2,german* antiquus,2
De Insignium: Armorum Prisco et Novo Jure Tractatus,8,insignis armus priscus1 novus jus tractatus,6
De Ordine Equestri,3,ordo equester,2
Acta So zwischen dem Hochlöblichen Ritterlichen Teutschen Orden,8,actum hochloblich ritter deutsch orde,5
Von den Ursachen des Teutschen Kriegs Kaiser,7,ursache deutsch krieg kaiser,4
Der Römischen Keyser- und Königlichen Majestetae,6,roma kaiser könig maiestas,4
Commentarii in Jus Lubecense,4,commentarius jus lubeck,3
De Basilica et Patriarchio Lateranensi,5,basilica patriarchium lateranensi,3
Relationes Argentoratenses,2,relatio argentoratus,2
De Militia Equestri Antiqua et Nova,6,militia equester antiquus novus,4
Annotatio Historica de Passagiis ad Orationem Aeneae Sylvii,8,annotatio historicus passagiis oratio aeneus silvio,6
Centuria Consiliorum Clarissimi Jurisconsulti,4,centurio1 consilium clarus jurisconsultus,4
Sämptliche Fürstliche Magdeburgische Ordnungen,4,samtlich fürstlich magdeburg ordnung,4
Collegium Publicum De Statu Rei Romanae,6,collegium publicus status res roma,5
Theatrum Funebre,2,theatrum funebris,2
Historia Critica Veteris Testamenti,4,historia criticus vetus testamentum,4
Epimenides: De Veterum Gentilium Lustrationibus Syntagma,6,epimenides vetus gentilis lustratio syntagma,5
Antiquitates Neomagenses,2,antiquitas neomagenses,2
De Juribus Majestatis Tractatus Academicus,5,jus majestas tractatus academicus,4
Notitia Rerum Illustrium Imperii Romano-Germanici Tripertita,6,nota res illustris imperium romanus german* tripertita,7
Variarum Observationum Liber,3,varius1 obseruatio liber4,3
De Finibus Imperii Germanici,4,finis imperium german*,3
Ad Jus Publicum et Feudalia Placita,6,jus publicus feudalis placeo,4
Rei Agrariae Auctores Legesque Variae,5,res agrarius auctor lex varius1,5
Lexicon Particularum Juris,3,lexicon particula jus,3
Laudatio Honori et Memoriae Martini Opitii,6,laudatio honor memoria martinus opitii,5
Origines Benedictinae,2,origo1 benedictinus,2
Observationes Historico-Genealogicae,2,obseruatio historicus genealogicus,3
Reformirte Anatomie,2,reformatio anatomia,2
Institutiones Juris Publici Germanici Romani,5,institutio jus publicus german* roma,5
Institutiones Juris,2,institutio jus,2
Institutiones Juris Canonici,3,institutio jus canonicus,3
De Pileo,2,pileo,1
Discursus Panegyricus de Antiquis Triumphis,5,discursus2 panegyricus antiquus triumphus,4
Anatome Quartum Renovata,3,anatomia quartum renovo,3
De Vitis Imperatorum et Caesarum Romanorum,6,vita imperator caesar roma,4
De Re Numaria Populi Romani,5,res numaria populus1 roma,4
Tabulae Longitudinis ac Latitudinis Stellarum Fixarum,6,tabula longitudo latitudo stella fixus,5
Germania Media,2,german* medius,2
Chronicon Prussiae,2,chronicon preussen,2
Chronicon Ecclesiae Graecae,3,chronicon ecclesia graecus,3
De Hellenistica Commentarius,3,hellenistica commentarius,2
Demonstratio Immortalitatis Animae Rationalis,4,demonstratio immortalitas anima ratio,4
Institutiones Linguae Hebraeae,3,institutio lingua hebraeus,3
Grammatica Hebraea Generalis,3,grammatica hebraeus generalis,3
Rabbinismus,1,rabbinismus,1
Arabismus,1,arabismus,1
Summarium Linguae Aramaeae,3,summarium lingua aramaeae,3
Historia Moschi,2,historia moschi,2
Praxis Vulnerum Lethalium,3,praxis vulnus lethalium,3
De Renunciatione Vulnerum,3,renunciatio vulnus,2
De Jure Novercarum,3,jus noverca,2
Tractatus de Repraesentatione,3,tractatus repraesentatio,2
Das Erneuerte Teutsche Wappenbuch,4,erneuert deutsch wappenbuch,3
Rerum Anglicarum Scriptorum,3,res anglicanus scriptor,3
Historia Pannonica: Hungaricarum Rerum Decades IV,6,historia pannonia hungaria res decas,5
Rerum Sicularum Scriptores,3,res sicula scriptor,3
Rerum Persicarum Historia,3,res persia historia,3
Rerum Hungaricarum,2,res hungaria,2
Historiae Francorum Scriptores Veteres,4,historia franc scriptor vetus,4
Rerum Moscoviticarum Commentarii,3,res moscouiticus commentarius,3
Corpus Francicae Historiae Veteris et Sincerae,6,corpus franc historia vetus sincerus,5
Documenta Rediviva Monasteriorum Praecipuorum in Ducatu Wirtenbergico,7,documentum redivivus monasterium praecipuus ducatus wirtembergensis,6
Moguntiacarum Rerum,2,mainz res,2
Epistolae Quotquot Reperiri Potuerunt,4,epistula reperio,2
Vindiciae Causae Palatinae,3,vindicia causa palatina,3
Corpus Francicae Historiae Veteris et Sincerae,6,corpus franc historia vetus sincerus,5
Rerum Sicularum Scriptores,3,res sicula scriptor,3
Veterum Scriptorum,2,vetus scriptor,2
Germaniae Historicorum,2,german* historicus,2
Rerum et Urbis Amstelodamensium Historia,5,res urbs amsterdam historia,4
Consilia Pro Aerario Civili,4,consilium aerarius civilis1,3
Informatorium Conscientiae Evangelicum,3,informatorium conscientia euangelistus,3
Pandectae Florentinae,2,pandectae florentinus,2
De Pictura Veterum,3,pingo vetus,2
Scriptorum Ecclesiasticorum Historia Literaria,4,scriptor ecclesiastes historia littera,4
Chronicon Egmundanum,2,chronicon egmundanum,2
Rerum Amorfortiarum Scriptores,3,res amorfortiarum scriptor,3
Introductio ad Geographicam Novam et Veterem,6,introductio geographia novus vetus,4
Tranquillus cum Notis,3,tranquillus nota,2
Gemmae et Sculpturae Antiquae Depictae,5,gemma sculpo antiquus depictus,4
Bibliothecae Pontificiae Tomus,3,bibliotheca pontificiae tomus,3
Tractatus Juridicus de Arrestis,4,tractatus juridicus arrestis,3
Discussio Levaminum Inopiae Debitorum Prout Ea cum Justo,8,discussio leuaminum inopia debitus prout justus,6
Vollständiger Commentarius von wucherlichen Contracten,5,vollständig commentarius wucherlich contracte,4
De Usufructu Dissertationes Variae,4,usufructus dissertatio varius1,3
De Mortibus Persecutorum,3,mors persequi,2
Origines Hungaricae,2,origo1 hungaria,2
Historiarum Sui Temporis: Opera,4,historia tempus opus1,3
"""In welchem von zweyen Hauptarticuln, damit Gegentheil das Uncatholische Bapstumb""",10,haupt articul gegenteil uncatholisch papstum,5
Ecclesiastes,1,ecclesiastes,1
Wiederlegung der Caßlichen Wechselschrifft,4,wiederlegung caßliche wechselschrift,3
Harmoniae Evangelistarum Chemnitio-Lyserianae,3,harmonia1 euangelistus chemnitio lyserianae,4
Operae Horarum Subcisivarum,3,opus1 hora1 subcisiuarum,3
In Epistolam D Pauli ad Hebraeos Commentarius,7,epistula paulus1 hebraeus commentarius,4
Apostolische Schluß-Kett und Kraft-Kern,4,apostolicus schluss kett kraft kern,5
Decisiones Mille et Sex Casuum Conscientiae,6,decisio mille sex casus1 conscientia,5
De Historicis Latinis,3,historicus latinus,2
De Historicis Graecis,3,historicus graecus,2
De Rebus Gestis Friderici Wilhelmi Magni,6,res gestum fridericus wilhelmus magnus,5
Commentarius in 50 Libros Pandectarum,5,commentarius liber4 pandectes,3
Commentatio Succincta ad Institutiones Justinianeas,5,commentatio succingo institutio justinianus,4
Tractatus de Jure Sensuum,4,tractatus jus sensus2,3
De Cautelis Contractuum,3,cautelis contractus2,2
Usus Moderni Pandectarum,3,usus modernus pandectes,3
Dissertationes et Opuscula,3,dissertatio opusculum,2
Differentiae Inter Utrumque Forum,4,differentia utriusque forum,3
Praxis Fori Germanici,3,praxis forum german*,3
De Jure Naturali et Gentium,5,jus natura gens,3
Uxor Hebraica,2,uxor hebraeus,2
Expositio Symboli Apostolici,3,expositio symbolus apostolicus,3
Liber Justorum: Gründliche Auslegung der Anmuthigen Geschicht von der Moabitin Ruth,11,liber4 justus gründlich auslegung anmutig geschichte moabites ruth,8
Disputatio Juris Publici de Austregis,5,disputatio jus publicus austregis,4
Notitia S.R. Imperii,3,nota sacer romanus imperium imperium,5
Resolutiones Legum Obstantium,3,resolutio lex obsto,3
Jurisprudentia Ecclesiastica Seu Consistoralis Rerum et Quaestionum,7,iurisprudentia ecclesiastes consistoralis res quaestio,5
"""Sacrosancta Quatuor Jesu Christi Evangelia: Arabice Scripta, Latine Reddita""",9,sacrosanctus quattuor iesus christus euangelium arabice scriptus latinus reddo,9
De Bohemiae Regni,3,bohemia regnum,2
Historia von denen Evangelischen Ständen Anno 1561,7,historia euangelisch stand annum,4
Thesaurus Eruditionis Scholasticae,3,thesaurus eruditio scholasticus,3
De Synedriis,2,synedriis,1
Tituli Honorum,2,titulus honor,2
Elegia Votiva et Historica,4,elegia votivus historicus,3
Novum Promptuarium Biblicum,3,novus promptuarius biblia,3
Summa Theologiae Scholasticae,3,summum theologia scholasticus,3
Opera,1,opus1,1
Continens Enarrationes,2,contineo enarratio,2
De Veteribus Christianorum Ritibus,4,vetus christianus ritus,3
Postilla,1,postilla,1
Commentarius super Priorem Petri Epistolam,5,commentarius prior petrus epistula,4
Loci Theologici,2,locus theologia,2
Rerum Germanicarum Veters VI,4,res german* ueters vis,4
Germaniae Historicorum,2,german* historicus,2
Politica Imperialia,2,politicus imperium,2
Collectio Constitutionum Imperialium,3,collectio constitutio imperium,3
Von den Ursachen des Teutschen Kriegs Kaiser,7,ursache deutsch krieg kaiser,4
Historiarum Sui Temporis: Opera,4,historia tempus opus1,3
De Feudi Amissione,3,feudum amissio,2
Aristotelis Opera Omnia,3,aristoteles opus1 omne,3
Rotae Romanae Decisiones,3,rota roma decisio,3
Historia: Beschreibung aller Kriegshändel und Geschichten,6,historia beschreibung kriegshändel geschichte,4
Definitiones Forenses,2,definitio forensis,2
Disputatio Criminalis de Blasphemia,4,disputatio criminalis blasphemia,3
Vom Advent biß auf Trinitatis (Postilla),6,advenire biß trinitas postilla,4
Opera Cornelii a Lapide,4,opus1 cornelius lapis,3
Opera Omnia,2,opus1 omne,2
Opera Omnia,2,opus1 omne,2
De Rebus Sacris,3,res sacer,2
De Ara Exteriore Templi Secundi Exercitationes Philologicae,7,aro exter templum secundus1 exercitatio philologicus,6
Marquardi Gudii et Doctorum Virorum ad eum Epistolae,8,marquardi gudii doctor vir epistula,5
Insignia Itinerarii Italici,3,insigne itinerarius italia,3
Geographica Antiqua,2,geographia antiquus,2
Universum Jus Civile Privatum,4,universus jus civilis1 priuatus,4
Introductio ad Historiam et Antiquitates Sacras,6,introductio historia antiquitas sacer,4
Epigrammata et Fragmenta,3,epigramma fragmentum,2
Historiae Romanae Breviarium,3,historia roma breviarius,3
Moses and Aron,3,moses aro,2
Collegium Pandectarum Compendiose Exhibens,4,collegium pandectes compendiosus exhibeo,4
Opera Didactica Omnia,3,opus1 didacticus omne,3
Philosophia Naturalis,2,philosophia natura,2
Exercitationum Academicarum,2,exercitatio academicus,2
"""Tractatus Quinque de Pactis, Jurisdictione, Collationibus, Transactionibus, et Quaestionibus Juris Selectis""",11,tractatus paciscor jurisdictio collatio transactio quaestio jus selectus,8
"""""""Itineris per Mundum Cartesii circa Cognitionem Brutorum""""""",7,iter mundus1 cartesii circa cognitio brutus1,6
Operum Theologicorum,2,opus1 theologia,2
Defensio Ecclesiae Anglicanae,3,defensio ecclesia anglicanus,3
Papa Antichristus,2,papa antichristus,2
Kriegs-Arbeit oder Kriegs-Kunst,3,krieg arbeit kun,3
La Perpetuite de la foy de l'Eglise Catholique,8,perpetuite foy eglise catholicus,4
Reponse au Livre de Mr Arnaud,6,reponse liure arnaud,3
Figures de Differents Habits des Chanoines Reguliers,7,figures differents habits chanoines reguliers,5
La Presence de Jesus-Christ dans le Tres Saint Sacrement,9,presence iesus christus dans tres saint sacrement,7
Reponse au Livre du Pere Nouet,6,reponse liure pere nouet,4
La Perpetuite de la Foy de l'Eglise Catholique Touchant l'Eucharistie,10,perpetuite foy eglise catholicus touchant eucharistie,6
Reponse aux deux Traittez Intitulez la Perpetuite de la foy de l'Eglise Catholique Touchant l'Eucharistie,15,reponse deux traittez intitulez perpetuite foy eglise catholicus touchant eucharistie,10
Defense de la Verite Catholique,5,defense ueritas catholicus,3
Apologie pour les Catholiques,4,apologia pour catholiques,3
Observation de l'Esprit de Mr. Arnaud,6,obseruatio esprit arnaud,3
Thesaurus Linguae Sanctae,3,thesaurus lingua sancio,3
Evangelium Infantiae,2,euangelium infantia,2
Koheleth,1,koheleth,1
Genesis,1,genesis,1
Dissertatio Historico-ecclesiastica,2,dissertatio historicus ecclesiastes,3
In Libros Regum Annotationes,4,liber4 rex annotatio,3
Annotationes in Librum Ruth,4,annotatio liber4 ruth,3
Examen Historiae Criticae Textus Novi Testamenti,6,exame historia criticus textus2 novus testamentum,6
Synopsis Theologiae Symbolicae Ecclesiarum Lutheranarum,5,synopsis theologia symbolus ecclesia lutheranus,5
Telluris Theoria Sacra,3,tellus theoria sacer,3
Chronicon Walkenredense,2,chronicon walkenredense,2
Historia Anglica,2,historia anglicanus,2
Gentium Septentrionalium Historae Breviarium,4,gens septentrionalis historia breviarius,4
Schleßische Chronica,2,schlessisch chronicon,2
Hennebergische Chronica,2,hennebergisch chronicon,2
Schlesische Chronica,2,schlessisch chronicon,2
Aacher Chronick,2,aacher chronick,2
Gründlicher Bericht der Heiligen,4,gründlich bericht heilig,3
Res Germaniae Magnae et Saxoniae Universae,6,res german* magnus saxonia universus,5
Ordo Equestris Germanicus Caesareus,4,ordo equester german* caesar,4
Newe Vollkommene Thüringische Chronica,4,neu vollkommen thuringia chronicon,4
Chronick: Kurtz Geschichtbuch aller Ertzbischoven zu Mayntz,7,chronick kurtz geschichte buch erzbischof mainz,6
Täglicher Schauplatz der Zeit,4,täglich schau platz,3
Disputationes Academicae Duabus Partibus Distinctae,5,disputatio academicus duo pars distinguo,5
Opera Omnia Medica,3,opus1 omne medicus,3
Speculum Vanitatis,2,speculum vanitas,2
Catechismus Biblicus,2,catechismus biblia,2
Die Güldene Legend von Christo,5,golden legend christus,3
Scripta Omnia,2,scriptus omne,2
Lexicon Juridicum,2,lexicon juridicus,2
Diateticon: De Re Cibaria,4,diateticus res cibarius,3
Natalis Comitis Mythologiae,3,natalis1 comitus mythologia,3
Palaeologi Praecepta Educationis Regiae,4,palaeologus praecipio educatio regia,4
Rationarium Temporum,2,ratio tempus,2
Teutsch-Evangelisches ärgerlichen Christenthumb,3,deutsch euangelisch ärgerlich christenthumb,4
Ovina Romanae Ecclesiae Detracta,4,ouina roma ecclesia detraho,4
Scrutinium Ingeniorum,2,scrutinium ingeniosus,2
De Articulis Religionis,3,articulus religio,2
Biblia Sacra,2,biblia sacer,2
"""Summarischer Bericht dero Zwischen dem Durchleuchtigen Hochgebornen Fürsten und Herrn, Ludwigen Landtgraffen zu Hessen""",14,summarisch bericht desum durchleuchtig hochgeborn fürst herr ludwig land graf hesse,11
"""Animadversiones Medicae, Theoretico Practicae in Henrici Regii Praxin Medicam""",9,animaduertere medicus theoria practicus henricus regius praxis medicus,8
Anatome Umbilici Curiosa,3,anatomia umbilicus curiosus,3
De Cognitione Dei et Nostri,5,cognitio deus,2
Controversiae Memorabilis inter Paulum,4,controversia memorabilis paulus1,3
Manifest und Ausschreiben des Carl Ludwig Pfaltzgraven bey Rhein,9,manife ausschreiben carolus ludwig pfalzgraf rhein,6
Churfürstliche Mäyntzische Hoffgerichts Ordnung,4,kurfürstlich mainz hof gericht ordnung,5
Reformation Ordnung an dem Churfürstlichen Mayntzischen Hoff- und Weltichen Gericht zu Mayntz,12,reformatio ordnung kurfürstlich mainz hof weltich gericht mainz,8
Churfürstliche Mäyntzische Undergerichts-Ordnung,3,kurfürstlich mainz untergericht ordnung,4
Hebraica Biblia,2,hebraeus biblia,2
Clementis Alexandrini Opera,3,clemens1 alexandria opus1,3
Tumulus Tridentini Concilii,3,tumulus tridentinus concilium,3
Flores Historiarum per Matthaeum Westmonasteriensem Collecti,6,floreo historia matthaeus westmonasteriensem collectus,5
Britannicarum Ecclesiarum Antiquitates,3,britannia ecclesia antiquitas,3
Aeneae Sylvii Piccolominei Senensis Opera Omnia,6,aeneus silvio piccolomini senensis opus1 omne,6
Exercitationes de Rebus Sacris et Ecclesiasticis,6,exercitatio res sacer ecclesiastes,4
Chronologia Historica Successionis Hierarchicae Illustrissimorum Archiantistitum Lugdunensis Archiepiscopatus,8,chronologia historicus successio hierarchia illustris archiantistes lugdunensis archiepiscopalis,8
Rerum Memorabilium in Pannonia sub Turcarum Imperatoribus,7,res memorabilis pannonia turcus imperator,5
Excommunicationis Sententia,2,excommunicationis sententia,2
De Bello Belgico,3,bellus belgicus,2
Legend der Heiligen,3,legend heilig,2
Orthodoxia Eucharistica,2,orthodoxia eucharistica,2
Brunn des Heyls,3,brun heilig,2
Lexicon Hebraico-Mnemonicum,2,lexicon hebraeus mnemonicus,3
Romanae Historiae Scriptores Graeci Minores,5,roma historia scriptor graecus minor,5
Vom Gallier und der Römer Bürgerischen Krieg,7,gallier roma bürgerisch krieg,4
Vom Ursprung des Römischen Reichs,5,ursprung roma reich,3
Von Catilinischer Zusammen-Rottirung und Jugurtischem Krieg,6,catilinischer rottirung iugurtisch krieg,4
Die Gantz Römisch Histori,4,roma historia,2
"""Von Geburt Leben, Thaten und Todt der XII ersten Römischen Keyser""",11,geburt lebe tat tod roma kaiser,6
Receptarum Sententiarum Opera Omnia (Consilia),5,receptarum sententia opus1 omne consilium,5
De Mercatura,2,mercor,1
Consilia: Responsa Juris,3,consilium responsum jus,3
Churfürstlicher Pfaltz bey Rhein,4,kurfürstlich pfalz rhein,3
Tractatus de Restitutione in Integrum Absolutissmus,6,tractatus restitutio integer absolutus,4
Frecleben Opera,2,freclebe opus1,2
Tractatus de Attentatis et Innovatis,5,tractatus attentare innouatus,3
Rationalia in Pandectas,3,ratio pandectae,2
Jurisconsulti Observationum,2,jurisconsultus obseruatio,2
Consilia,1,consilium,1
Delineatio Provinciarum Pannoniae,3,delineatio provincialis pannonia,3
Vollkommene Geschütz-Feuerwerck,2,vollkommen geschütz feuerwerk,3
L'Ambassadeur et ses Fonctions,4,ambassadeur ses fonctions,3
In C. Cornel. Taciti 15 Capita Priora,7,cornelius taceo capitum prior,4
Caius Suetonis Tranquillus,3,gaius suetonis tranquillus,3
Dissertationes de Praestantia et Usu Numismatum Antiquorum,7,dissertatio praesto2 usus numisma antiquus,5
Jacobs-Schatz,1,iacob schatz,2
Tractatus Juculentus,2,tractatus iuculentus,2
Lexicon Aethiopico-Latinum,2,lexicon aethiopicus latinus,3
Lexicon Amharico-Latinum,2,lexicon amharicae latinus,3
Grammatica Linguae Amharicae,3,grammatica lingua amharicae,3
Germanicarum Rerum Scriptores,3,german* res scriptor,3
Tractatus de Consilio Caesareo-Imperiali Aulico,5,tractatus consilium caesar imperium aulicus1,5
Postilla,1,postilla,1
Christliche Leichpredigt auf Magdalena Markgräfin zu Hessen,7,christlich leichpredigt magdalena markgraf hesse,5
In Jeremiam Prophetam Commentarium,4,ieremiam propheta commentarius,3
Annotationes in Omnes Libros Biblicos,5,annotatio omne liber4 biblia,4
Omnium Scientiarum Anima,3,omne scientia anima,3
De Incarnatione Verbi Divini et Praeservatione Virginis Mariae,8,incarnatio verbum divinus praeseruatio virgo mariae,6
"""Tractatus de Fide, Spe et Charitate""",6,tractatus fides1 spes charitas,4
De Trinitatis Erroribus,3,trinitas error,2
De Re Diplomatica,3,res diplomaticus,2
Rerum Alamannicarum Scriptores,3,res alemanni scriptor,3
Unterredung über Dr. Deutschmanns Tractat,5,unterredung dr deutschmanns tractatus,4
Theatrum Europaeum,2,theatrum europa,2
Gründliche Ausführung der Reichsstatt Lindau,5,gründlich ausführung reich staat lindau,5
Gräfflich Löwensteinischer Gegenbericht contra Würtzburg,5,gräfflich löwensteinischer gegenbericht contra würtzburg,5
Acta in Sachen die Fürstliche Maburgische Succession Belangendt,8,actum sache fürstlich marburg successio belangend,6
De Monetis et Re Numaria,5,moneo res numaria,3
Parthenius Litigiosus,2,parthenius litigiosus,2
Corpus Actorum et Decretorum Magni Constantiensis Concilii,7,corpus actum decretum magnus constantiensis concilium,6
Die Erste Liebe der Gemeinen Jesu Christi,7,liebe gemein iesus christus,4
Unparteyische Kirchen und Ketzer Historie 1/2,6,unparteyisch kirche ketzer historia,4
Unparteyische Kirchen und Ketzer Historie 3/4,6,unparteyisch kirche ketzer historia,4
Commentarius in Codicem Justinianeum,4,commentarius codex justinianus,3
Poetae Graeci Principes Heroici Carminis,5,poeta graecus princeps heroicus carmen1,5
Photii Bibliotheca (Greek Edition),4,photius bibliotheca greek editio,4
Acta Braunschweig contra Hildensheim,4,actum braunschweig contra hildensheim,4
In Sachen Braunschweig Contra Hildesheim,5,sache braunschweig contra hildesheim,4
Exercitationum Theorico-Practicarum ad Pandectas,4,exercitatio theoria practicus pandectae,4
Institutionum Juris Publici,3,institutio jus publicus,3
De Cautelis,2,cautelis,1
Epinikion Rhythmo Teutonico Ludovico Regi Acclamatum,6,epinikion rhythmos teutonicus ludouicus rex acclamo,6
Dissertationes,1,dissertatio,1
Alsaticarum Rerum Prodromus,3,alsatia res prodromus,3
Introductio in Pandectas,3,introductio pandectae,2
Operum Andreae Tiraquelli,3,opus1 andrea tiraquelli,3
De Pace Religionis,3,pax religio,2
Adversus Refutationem,2,aduersus refutatio,2
Opera Juridica,2,opus1 iuridicus,2
