"""Abdruck rechtlicher Bedencken vnd Approbationen. Gestellt von den Juristen Faculta¨ten in den Universita¨ten Tu¨bingen, Freyburg im Preyßgaw, Franckfurt a. Oder, Co¨ln am Rhein, die Herrschaft Wiesbaden betreffend""",27,abdruck recht bedenken approbatio gestellt iurist facultas universitas tübingen freiburg breisgau frankfurt coeln rhein herrschaft wiesbaden betreffend,17
Abschied aud dem Reichstag zu Regensburg 1654,7,abschied aud reich tag regensburg,5
Abschied der Roem Koenig May... Auf dem Reichstag zu Augsburg 1555,11,abschied roma könig reich tag augsburg,6
"""Abschiedt Der Römischen Königlichen Maiestat, vnd gemeiner Stendt, auff dem Reichßtag zu Augspurg, Anno Domini M.D.L.V. auffgericht. Sampt Der Keyserlichen Maiestat Cam[m]ergerichts Ordung, wie die auff diesem Reichßtag, durch die Königliche Maiestat, vnd an vilen orten geendert""",37,abschied roma könig maiestas gemein stand reich tag augsburg annum dominus mdlu aufgericht sammt kaiser cammer gericht ordnung vilis orior geaendert,21
"""Acta In Sachen die... Marpurgische Succession belangendt Zwischen den... Herrn... Gebruedern, Landgraffen zu Hessen... Kla¨gern an einem, So dann dem... Herrn Moritzen, Landgraffen zu Hessen... Beklagten am andern Theyl""",29,actum sache marburg successio belangend herr gebrüder land graf hesse klaeger moritz beklagt teil,14
Acta in Sachen Wertheim contra Warzburg,6,actum sache wertheim contra warzburg,5
Aller der Heil Roem Reichs gehaltene Reichstage Abschiede und Saetzungen...1356-1654,10,heilig roma reich gehalten reich tag abschied satzung,8
Aller der Heil Roem Reichs gehaltene Reichstage Abschiede...,8,heilig roma reich gehalten reich tag abschied,7
"""Aller der Heil Roem Reichs Ordnungen, Reichs Tagen u Abschiede... Cammergerichtsordnung...""",11,heilig roma reich ordnung tag abschied cammer gericht ordnung,9
"""Aller des Heiligen Roemischen Reichs gehaltener Reichsztaeg, Ordnungen und Abschiedt, sampt der Guelden Bull... 1356-1582""",15,heilig roma reich gehalten reich tag ordnung abschied sammt guelde bull,11
Beschlust ueber die Organization der Verwaltung der Kayserl Domains Gueter in Westphalen 17. May 1808,15,beschluss organization uerwaltung kaiser domains westphalia,6
Churfuerstlich Pfalz Fuerstenthumb in Ober-Bayern Land-Ordnung,6,kurfürstlich pfalz fürstentum ober bayern land ordnung,7
Codex Justiniani,2,codex justinianus,2
Concept erneuerter u verbesserter Cammer Gerichts Ordnung de Anno 1629 ungebunden,11,concept erneuert uerbessert cammer gericht ordnung annum ungebunden,8
Consilia diversorum jurisconsultorum,3,consilium diuersus jurisconsultus,3
Consilia matrimonialia variorum,3,consilium matrimonialia varius1,3
Corpus Juris Civilis,3,corpus jus civilis1,3
Corpus Juris Civilis c. not. Gothofredi,6,corpus jus civilis1 gothofredus,4
Corpus juris civilis glossatum,4,corpus jus civilis1 glossa,4
"""Decisiones practicae juris Caesarei, Pontificu et Saponisi""",7,decisio practicus jus caesar pontificum saponisi,6
"""Détails militaires, dont la connoissance est nécessaire à tous les officiers, & principalement aux commissaires des guerres""",17,details militaires dont connoissance nécessaire tous officiers principalement commissaires guerres,10
Ernewerte ordnung der rö. kay. mt. kaiserlichen hoffgerichts zu Rottweil [1572],11,erneuert ordnung roma kaiser mt kaiser hof gericht rottweil,9
Grossherzogl Frankfurtisches Regierungsblatt,3,grossherzoglich frankfurt regierung blatt,4
"""Gründtlicher Bericht des Heyligen Reichs Statt Friedberg Standt, Regalien, Privilegien, Rechten und Gerechtigkeiten...""",13,gründlich bericht heilig reich friedberg stand regal priuilegie recht gerechtigkeit,10
Hanauische Verordnungen 1566-1793,3,hanau verordnung,2
Hiermische und Fragische Frirdres Facten,5,hiermische fragisch frirdres facio,4
Keyser Carols des Fünfften und des Heyligen Römischen Reichs peinlich [Hals] Gerichts-Ordnung :,13,kaiser carolus fünffte heilig roma reich peinlich hals gericht ordnung,10
Kurtze Hess Hanauische Hoff und Ehe-Gerichts Ordnung 17. Jan 1747,10,hesse hanau hof ehe gericht ordnung ia,7
Leges academicae a studiosis in Regia Fridericiana observanda,8,lex academicus studiosus regius fridericus observo,6
Mehrere Abhandlungen ueber die von Kuerfuersten zu Mainz 1781 daselbst aufgehobenen Kloester,12,abhandlung kurfürst mainz aufheben kloster,5
Monumenta sepulchorum et memorabilium nominum,5,monumentum sepulchorum memorabilis nomen,4
Nassau Catzenelnbogische Polizey-Ordnung,3,nassau catzenelnbogen polizei ordnung,4
Negotiations secrètes touchant la paix de Munster et d'Osnabrug,9,negotiations secrètes touchant paix munster dosnabrug,6
"""Quinque libri legis : Genesis, Exodus, Leuiticus, Numeri, Deuteronomium = Hamisah humse torah""",13,liber4 lex genesis exodus leviticus numerus deuteronomium hamisah humse torah,10
Reichs Abschied de 1654,4,reich abschied,2
"""Reichs Abschied de an 1600, 1603 und 1613 ungebunden""",9,reich abschied ungebunden,3
"""Reichs Abschiede (Abschiedt Der Römischen Keyserlichen Maiestatt, vnnd gemeiner Ständt, auff dem Reichßtag zu Augspurg, Anno Domini M.D. LXVI. auffgericht)""",20,reich abschied abschied roma kaiser maiestas gemein stand reich tag augsburg annum dominus md lxui aufgericht,16
"""Reichs Abschiede (Aller des heiligen Römischen Reichs gehaltener Reichsztäg, Ordnungen und Abschiedt, sampt der Gülden Bull: besonder auch der Artikel, Policey, Constitutionem, das Kayserlich Regiement, Cammergericht, den Landfrieden und anders von 1356-1582)""",32,reich abschied heilig roma gehalten reich tag ordnung abschied sammt golden bull besonder artikel polizei constitutio kaiser regiement cammer gericht land fried,22
Samlung der beim Rechshofrath ergangenen Gemeinen Bescheiden,7,sammlung reich hof rat ergehen gemein bescheid,7
Selecta Juris Publici,3,selecta jus publicus,3
"""Stadt Frankfurt Privilegia der Juden daselbst Saettigkeit und Ordnung; Abschieds-Puncten zwischen Rath und Burgerschaft, 1614; Gefaehrlicher Uffstand daselbst""",18,stadt frankfurt privilegium iudaeus saettigkeit ordnung abschied punct rat burgerschaft gefaehrlich aufstand,12
Statuta et rescripta Imperialia,4,statutum rescribo imperium,3
Theater d[] lomeilles,3,theater lomeilles,2
Tractatus de finibus regundis,4,tractatus finis rego,3
Untergerichtsordnung,1,untergerichtsordnung,1
"""Wechselordnungen [Hanau?] de 1737, 1740, 1771 und 1773""",8,wechsel ordnung hanau,3
De Schonburg der Mg inne Lusten Geopent door Aloisia sigea van Toledo erse Seel 12 getreffe,16,schonburg mg inne luste geopent door aloisia sigea ua toledo erse seel getreffe,13
"""Institutiones (Institutiones emendatae: cum reliqua iuris diexodo, ad optimi cuiusque archetypi anagnosin, ex antiquissimis Italiae, & Galliaru[m] bibliothecis, maximè vero ex venerabilis Auenion. Collegii archeio conquisitam ... Accessit Corpus legum, nunc primùm, & nunquam antehac, editum, et Instituta T. Caii clarissimi iuriscons. ex intermortuis, rediuiua)""",45,institutio emendatus reliquus jus diexodo bonus archetypi anagnosus antiquus italia gallia bibliotheca maximè venerabilis auenius collegium archeio conquaero accedo corpus lex nunc primùm numquam antehac editus institutio gaius clarus iurisconsultus intermorior redivivus,32
Digestum vetus Justiniani,3,digestum vetus justinianus,3
"""Neues Lehrgebäude der Diplomatik, welches in Frankreich von einigen Benedictinern von der Congregation des heil. Mauri ausgefertiget worden""",18,neu lehrgebäude diplomatik frankreich benedictinus congregatio heilig maurus ausgefertiget,9
"""Tractatus de testibus es multorum scriptis non sine maximis laboribus collectus, ac distributus per locos communes secundum ordinem alphabeti : opvs novvm, in qvo materia de testibus non solum exacte, sed etiam iusto, atque hactenus nunquam viso ordine tractatur .... 1, Continens eos tantvm de testibvs locos communes, qui sub duabus literis A & B...""",55,tractatus testis1 multi scriptus sino magnus labor2 collectus distribuo locus communis secundus1 ordo alphabetus opus1 novus materia solus1 exact justus numquam video ordo tracto contineo tantus duo littera,28
Decisiones s. Regii Neapolitani Consilii,5,decisio regius neapolitanus consilium,4
De feudis,2,feudum,1
Corpus constitutionum imperialium,3,corpus constitutio imperium,3
Einleitung zur eherstl Historie,4,einleitung eherstl historia,3
Consilia,1,consilium,1
Dictionnaire historique et critique,4,dictionnaire historia criticus,3
Lettere,1,lettere,1
Verum Megapolitanorum,2,verus megapolitanorum,2
De revisione,2,reuisio,1
Oeconomia forensis oder kuerzer Zubegriff,5,oeconomia forensis zubegriff,3
Decisiones cavsarvm rotae Bononiensis... sub annis 1540. 1541. 1542. 1543. 1544 & 1545 [ed.=Benintendi],14,decisio causa rota bononiensis annus edbenintendi,6
Consiliorum sive Responsorum,3,consilium responsum,2
De jure primogeniturae,3,jus primogenitura,2
De jure connubii,3,jus conubium,2
Versuch einer ausfuehrlichen Erklaerung des Post-Regals,6,uersuch ausführlich erklaerung regal,4
Geschichtsregister der unmittelbaren Ritterschaft Landts zu Franken... Werra,8,geschichtsregister unmittelbar ritterschaft land franc werra,6
Geschlechts-Register Der Reichs-Frey-unmittelbaren Ritterschafft Landes zu Francken Löblichen Orts-Gebürg,9,geschlecht register reich frei unmittelbar ritterschaft land franc löblich ort gebürg,11
Pharmacopoea Wirtenbergica,2,pharmacopoea wirtembergensis,2
"""De formulæ """"regnante Christo"""" in veterum monumentis usu... diatribe""",9,formular regno christus vetus monumentum usus diatriba,7
"""Decisiones Burdegalenses... Quibus nunc demum accessere eiusdem Boerij Consilia, Tractatus de seditiosis, De custodia clauium portarum ciuitatis, item Additiones in tractatum Ioan. Montani de authoritate magni consilij...""",27,decisio burdegalenses nunc accedo boerii consilium tractatus seditiosus custodia clauis porta civitas additio tractatus iohannis montanus1 authoritas magnus consilium,19
Element jurisprudentiae criminalis,3,element iurisprudentia criminalis,3
Meditationes in constitutionem criminalem Carol[I V],6,meditatio constitutio criminalis carolus,4
Observationes Selectae Ad Bened. Carpzovii Practicam Novam Rerum Criminalium Imperialem Saxonicam : ... accessit index locupletissimus,16,obseruatio selectus benedictinus carpzov practicus novus res criminalis imperium saxonicus accedo index locuples,13
Consultationum et Decisionum,3,consultatio decisio,2
Doctrina de actionibus,3,doctrina actio,2
Introductio in jus digestorum,4,introductio jus digestum,3
Ocaeres,1,ocaeres,1
Romanae urbis topographia,3,roma urbs topographia,3
"""Enantiophanon centuriae sex, et conciliationes eorundem""",6,enantiophano centuria sex conciliatio,4
Antiquitates Fuld[enses],2,antiquitas fuldenses,2
Commentariis in Codicem Justinianeum,4,commentarius codex justinianus,3
Commentariis in Pandectas,3,commentarius pandectae,2
"""Repertorivm Reale Pragmaticvm Ivris Pvblici Et Fevdalis Imperii Romano-Germanici, Oder des Heil. Röm. Reichs Staats- und Lehn-Recht : zugleich... eine... Bibliotheca Iuris Publici Et Feudalis""",25,repertorium reale pragmaticus jus publicus feudum imperium romanus german* heilig roma reich staat lehen recht bibliotheca,16
"""Behauptete Vorrechte derer alten ko¨niglichen Bann-Forste, insbesondere des Reichslehenbaren Forst- und Wild-Banns zu der Drey-Eich""",15,behaupten uorrechte alt könig bann forst insbesondere reich lehen forum wild bann eich,13
Medulla lexici juridici,3,medulla lexicon juridicus,3
Actiones antiquae sive Thesaurum monum. Ecclesiast.,6,actio antiquus thesaurus monum ecclesia,5
Collectionis notabilium decisionum,3,collectio notabilis decisio,3
Practicae novae imperialis saxonicae rerum criminalium,6,practicus novus imperium saxonicus res criminalis,6
Jurisprudentia ecclesiastica s. consistorialis definitiones exhibens,6,iurisprudentia ecclesiastes consistorial definitio exhibeo,5
Consilia,1,consilium,1
Corpus juris canonici academicum,4,corpus jus canonicus academicus,4
Prima linea jurisprudentiae extrajudicialis,4,primus linea iurisprudentia extraiudicialis,4
Opera (Receptarvm sententiarvm Opera omnia,5,opus1 receptarum sententia omne,4
Canones Apostolorum. Veterum conciliorum constitutiones. Decreta pontificum antiquiora. De primatu Romanæ ecclesiæ,12,canon apostolicus vetus concilium constitutio decretum pontifex antiquus primatus roma ecclesiastia,11
Decisiones Capelle [Decisiones capelle sedis archiepiscopalis Tholose],7,decisio capelle sedes archiepiscopalis tolosa,5
Corpus Juris Publici,3,corpus jus publicus,3
Opera omnia,2,opus1 omne,2
Wetzlarische Nebenstunden,2,wetzlar nebenstunde,2
"""Operum postumorum, quae de jure reliquit""",6,opus1 postumus jus relinquo,4
"""Operum, quae de jure fecit tam eorum eo superstite, quam quae post obitum ejusdem jussu edita sunt""",17,opus1 jus facio super-sto obeo jubeo editus,7
Tractatus de jure Connubiorum,4,tractatus jus conubium,3
De pace Imperii publica,4,pax imperium publicus,3
Disquisitionum magicarum,2,disquisitio magice,2
Miscellanea scriptorum vniuersi iuris civilis duobus tomis distincta,8,miscellaneum scriptor universus jus civilis1 duo tome distinguo,8
Jus camerale,2,jus cameralis,2
"""Bibliotheca Classica, Sive Catalogus Officinalis""",5,bibliotheca classicus catalogus officinalis,4
Glossarium ad scriptores mediæ & infimæ Latinitatis,7,glossa scriptor mediæ infimæ latinitas,5
Diarii Europaei Insertis Actis Publicis. Das ist: Täglicher Geschichts-Erzehlungen...,9,diarius europa insero2 actum publicus täglich geschichte erzähhlung,8
Elementa juris criminalis Germanico Carolini,5,elementum jus criminalis german* carolus,5
Erdbeschreibung der Hessischen Lande Casselische Antheils,6,erdbeschreibung hesse land cassel anteil,5
Europ. Staats Kanzlei,3,europa staat kanzlei,3
Neue Europaeische Staatscanzley,3,europa staat kanzlei,3
Consilia,1,consilium,1
"""Consiliorum sive responsorum crimilaium continuatio sive liber secundus: Cui accesserunt resolutiones criminales sive capitales sexagintae duae Hieronymi de Felericis, &c.""",20,consilium responsum criminalis continuatio liber4 secundus1 accedo resolutio criminalis capitalis sexagintae duo hieronymus felericis,14
Decisiones criminales S. rotae Romanae CCCLXXII Criminum & testium probationem in secundo praesertim respondorum criminalium...,15,decisio criminalis rota roma ccclxxii crimen testis1 probatio secundus1 praesertim responsum criminalis,12
Fragmenta criminal.,2,fragmentum criminalis,2
Opera criminalium,2,opus1 criminalis,2
Grafschaften Solms und Herrschaft Mintzenburg Gerichts Ordnung und Landrecht,9,graf solms herrschaft münzenberg gericht ordnung land recht,8
Solmsische Landes Ordnung,3,solms land ordnung,3
Stadt Frankfurt Reformation,3,stadt frankfurt reformatio,3
"""Tractatvs Cavtelarvm Avctoribvs Atqve Collectoribvs Infra Scriptis, Bartolomaeo Caepolla Veronense, Thoma Ferratio de Advocatis, Brixiense, Ioanne de Arnono Salernitano, Ioanne Dilecto Dvrante Gvaltense, M. Antonio Blanco Patavino, Raimundo Pio Fichardo Francofortense ... Opvs Iureconsvltis, Potissimvm Avtem Advocatis...""",37,tractatus cautelis auctor collector scriptus bartolomaeus caepolla ueronense thoma ferratio advoco brixiensis iohannis arnono salernitano diligo duro gualtensis antonio blancus patauino raimundo pius fichard frankfurt opus1 iurisconsultus volo1 potis,29
"""Thesaurus Communium Opinionum Et Conclusionum Sive Receptarum Sententiarum, Excellentium Utriusque Iurisconsultorum, super causis tam Criminalibus quam Civilib. continens omnes omnium huis argumenti adhuc editas lucubrationes""",25,thesaurus communis opinio conclusio receptarum sententia excello utriusque jurisconsultus causa criminalis civilis1 contineo omne omne huis argumentum adhuc editus lucubratio,20
"""Wetzlarische Practicant oder Anweisung, wie und auf was Art ein auswärtiger Jurist und Practicus sich den Reichs-Cammer-Gerichtlichen Process am leichtesten vorstellen könne?""",22,wetzlar practicus anweisung art auswärtig jus practicus reich cammer gerichtlich processus2 leichteste uorstelle könne,14
Einleitung zum geistlichen Recht,4,einleitung geistlich recht,3
Weekely Journal,2,weekely journal,2
"""De feudis commentarius perelegans. Item Petri de Bella Pertica Jurisconsultorum Gallorum vetustissimi. Accedit De lege Salica commentariolus Johannis Pyrrhi Englebermaei, Antecessoris Aurelian""",22,feudum commentarius perelego petrus bellus pertica jurisconsultus gallus1 vetustus accedo lex salica commentarius iohannis pyrrhi englebermaei antecessoris aurelia,18
In sextum decretalium librum commentarii,5,sextus1 decretales liber4 commentarius,4
System einer vollständigen medicinischen Polizey,5,vollständig medicinisch polizei,3
Commentarii feudales,2,commentarius feudum,2
Corpus juris civilis academicum Ant Christ Henrici Fenins [],9,corpus jus civilis1 academicus ant christus henricus fenins,8
"""Corpus Iuris Venatorio-Forestalis, Romano-Germanici : Tripartitum ... Ultra duos Tractatus Venationi affines, Varia serius Transmissorum complectens ; Opus Tam in Aulis Principum, quam in Foro perquam utile...""",27,corpus jus venatorius forestalis romanus german* tripartus ulter duo tractatus venatio affinis varius1 serus transmissorum complector opus1 aulus1 princeps forum perquam utile,22
Communes conclusiones : in 7 libr. Distributae,7,communis conclusio liber4 distribuo,4
Practicae observationes,2,practicus obseruatio,2
Introductio ad praxin cameralem,4,introductio praxis cammer,3
"""Privilegia, des Heyligen Reichs Statt Franckfurt am Mayn. Auch etliche nicht wenige fürtreffliche Keyserliche vnd Königliche Begnadigungen, Immuniteten vnd Freyheiten. Sampt der Golden Bullen in Lateinischer Spraach, wie dieselbige auß dem rechten Franckfurtischen Original genommen; Abschieds-Puncten zwischen ... Rath u. Bürgersch. d. St. Frankfurt ...; Gravamina der Statt Wetzflar ...; Consilia; Matrimonialium Cau. tractatus ...; Juden zu Franckfurt Stättigkeit u. Ordnung""",61,privilegium heilig reich frankfurt may etliche fürtrefflich kaiser könig begnadigung immunitete frei sammt golden bull latein sprache diesselbige recht frankfurt original genommen abschied punct rat burgersch st frankfurt grauamina wetzlar consilium matrimonialia causa tractatus iudaeus stättigkeit ordnung,37
"""Sammlung derer Kayserlichen- Chur- und Reichsfürstlich-Landesherrlichen Verordnungen und Rescripten, welche in... 1767""",12,sammlung kaiser chur reich fürst land herr verordnung rescript,9
Electa Juris Publici,3,eligo jus publicus,3
"""Decisiones Camerales novae, Adr. Gistmann [Decisionum sive rerum in camera imperiali judicatarum , libri duo, plane novi et hactenus non visi]""",21,decisio cameralis novus adr gistman decisio res cammer imperium judico liber4 duo planus1 novus video,15
Symphorematis supplicationum pro processibus super omnibus ac singularis imperii Romani constitutionibus in supremo camerae imperalis auditorio impltrandis,17,symphoremata supplicatio processus2 omne singularis imperium roma constitutio superus cammer imperalis auditorium impetrandis,13
Commentarius de contrahenda et committenda stipulatione,6,commentarius contractus2 committo stipulatio,4
[mehrere Schriften],2,schrift,1
Collectio constitutionum Imperialium,3,collectio constitutio imperium,3
"""Copeylicher Begriff Reichs-Satzungen und anderer... Constitutionen, Ordnungen, Rescript und Auschreiben""",10,copeylicher begriff reich satzung constitutio ordnung rescript ausschreiben,8
"""Recessus, Constitutiones, Ordinationes et Rescripta in Publicis Comitiis promulgata""",9,recessus2 constitutio ordinatio rescribo publicus comitium promulgo,7
Commentariorum variarumque resolutionum iuris civilis communis et regii tomi tres,10,commentarius varius1 resolutio jus civilis1 communis regius tomus tres,9
De tutelis Electoralib testamentariis legitimas excludentibus,6,tutela elector testamentarius legitimus excludo,5
Decisiones rotae provinciae Marchiae,4,decisio rota provincialis marchia,4
Syntagma juris universi Petr Greg Tholosani,6,syntagma jus universus petrus greg tolosa,6
"""Codex diplomaticus : exhibens anecdota ab anno DCCCLXXXI ad MCCC Moguntiaca, ius Germanicum et S.R.I. historiam illustrantia""",17,codex diplomaticus exhibeo anecdota annum dccclxxxi mccc mainz jus german* sacer romanus imperium historia illustratio,15
"""Cabinetsthaler (Uncialaeum selectum Wetzlariense, das ist genaue Recensir- und Beschreibung eines gesammleten Vorraths ausserlesener Cabinets-Thaler)""",15,cabinetsthaler uncialaeum selectus wetzlar gena recensir beschreibung gesammelt uorraths auserlesen cabinet thaler,12
Glossarium Germanicum medii aevi,4,glossa german* medius aevum,4
Elementa iuris Germanici tum veteris tum hodierni,7,elementum jus german* vetus hodiernus,5
De veteribus Germanorum aliarumque nationum sigillis eorumque usu et praestantia syntagma historicum,12,vetus german* natio sigilla usus praesto2 syntagma historicus,8
"""Rerum Germanicarum tres selecti Scriptores inprimis de Vitis et Factis Caroli Magni, imperatoris necnon Witikindi Magni, regis saxonum, hactenus desiderati : accesserunt etiam Guillielmi Budaei, doct. med., Thanatologia item Capitulatio Osnabrugensis cum Catalogo omnium Monasteriorum Ecclesiarumque in Episopatu Osnabrugensi, et tandem Acta Formulae Concordiae in coenobio Bergensi revisae, quibus praefixa est Praefatio Johan. Georg Leuckfeldi""",55,res german* tres selectus scriptor imprimis vita facio carolus magnus imperator nec non witikindus rex saxonicus desidero accedo guillielmi budaeus doctor thanatologia capitulatio osnabrugensis catalogus omne monasterium ecclesia episcopatus osnabrugensis tandem actum formula concordia1 coenobium bergensi reuisus praefigo praefatio iohannis georg leuckfeldi,42
Landesbeschreibung,1,land beschreibung,2
Repertorium Reale Practicum Iuris Privati Imperii Romano-Germanici Oder Vollständige Sammlung aller üblichen und Brauchbaren Rechte im Heil. Römischen Reiche und den benachbarten Landen,23,repertorium reale practicus jus priuatus imperium romanus german* vollständig sammlung üblich brauchbar recht heilig roma reich benachbart land,18
Genealogia Diplomatica Augustae Gentis Habsburgicae,5,genealogia diplomaticus augustus1 gens habsburg,5
Jurisprudentia feudalis,2,iurisprudentia feudum,2
Reichs Handlungen und Ausschreib. von 1546-1558,6,reich handlung ausschreiben,3
Von den Ursachen deß Teutschen Kriegs Käiser Carls deß V. wider die Schmalkaldische Bunds-Oberste...,14,ursache dess deutsch krieg kaiser carolus wider schmalkaldische bund obserst,10
De feudis commentatio triparta,4,feudum commentatio tripartus,3
flsassische Gram[] [Herzog Elsassisch Gericht?],5,elsassisch gram herzog elsassisch gericht,5
"""Opera (Opera, quae quidem obtineri potuerunt omnia)""",7,opus1 obtineo omne,3
De substitut tractatus,3,substitut tractatus,2
Tractatus de feudis,3,tractatus feudum,2
Rerum Moguntiae,2,res mainz,2
Annales Ferdinand[],2,annalis ferdinand,2
"""Sammlung Fuerstlich Hessischen Landes Ordungen, 1337-1627""",6,sammlung fürst hesse land ordnung,5
De Fideicommissis familiarum nobilium,4,fideicommitto familia nobilis,3
Wöchentlichen historischen Münz-Belustigung,3,wöchentlich historia münz belustigung,4
Proben des Teutschen Lehn Rechts,5,probus1 deutsch lehen recht,4
Handbuch zur Kenntnis der Hessen-Casselischen Landes Verfassung,7,handbuch kenntnis hesse cassel land verfassung,6
Commentatio in constitutionem criminalem Caroli V,6,commentatio constitutio criminalis carolus,4
Gegruendete Abhandlung von denen Erb-Hof-Aemtern der Landgraffschaft Hessen,8,gegründet abhandlung erb hof amt land graf hesse,8
Decisiones [Decisiones quamplurimorum casuum?],4,decisio quamplurimorum casus1,3
Beyträge zur Beschreibung des Hessischen Kirchenstats,6,beitrage beschreibung hesse kirche staat,5
Hessisches Kirchenrecht (Versuch einer Anleitung zum Hessen-Casselischen Kirchen-recht),8,hesse kirche recht uersuch anleitung hesse cassel kirche recht,9
Kleine Schriften,2,schrift,1
Consilia feudalia in varior Doctorum scripti diligentiis collecta,8,consilium feudalis varius1 doctor scribo diligentiis collectus,7
Aot. Par religionis (De pace religionis acta publica et originalia),10,aot par religio pax actum publicus original,7
Chronica Der Freyen Reichs-Statt Speyer,5,chronicon frei reich speyer,4
Abhandlung von der Leyhe zu Landsiedel Recht,7,abhandlung leihe land siedel recht,5
Codex probationum,2,codex probatio,2
Acta Publica...,2,actum publicus,2
Suppletus et continuatio sive Acta Publica... Allerhand Denckwürdige Schriftliche Handlungen,10,suppleo continuatio actum publicus allerhand denkwurdig schrift handlung,8
Reliqviae manvscriptorvm omnis aevi diplomatvm ac monumentorvm ineditorvm adhvc,9,reliquiae manuscript omne aevum diplomaticus monumentum ineditus adhuc,8
Codex Germanici diplomaticus,3,codex german* diplomaticus,3
Codex Italia Diplomaticus,3,codex italia diplomaticus,3
Collectio nova worin die Mittelbar oder Landsaessige Ritterschaft in Teutschland Schriftsam enthaelt,12,collectio novus wori mittelbar land saessig ritterschaft deutschland schriftsam enthalten,10
Corpus Iuris Feudalis Germanici,4,corpus jus feudum german*,4
Corpus Iuris Militaris,3,corpus jus militaris,3
Europäische Staats-Consilia,2,europa staat consilium,3
Friderene der Gresten w. herrn,5,fridere greste herr,3
Grundfeste Europäischer Potenzen Gerechtsame,4,grundfeste europa potenze gerechtsam,4
"""Haupt-Register über das teutsche Reichs-Archiv, auch dessen """"Continuationes"""" und """"Spicilegia""""...""",10,haupt register deutsch reich archiv continuatio spicilegia,7
Selecta Scripta Illustria,3,selecta scriptus illustris,3
Spicilegium ecclesiasticum continuatio,3,spicilegium ecclesiastes continuatio,3
Spicilegium ecclesiasticum der Teutschen Reichs Archivs,6,spicilegium ecclesiastes deutsch reich archius,5
Spicilegium seculare der teutschen Reichsarchivs,5,spicilegium saecularis deutsch reich archiv,5
"""Teutsche Reichs-Archiv [4], Des Teutschen Reichs-Archivs Partis Generalis oder Corporis Juris Publici Romano-Germanici Continuatio II""",15,deutsch reich archiv archius pars generalis corpus jus publicus romanus german* continuatio,12
"""Teutsches Reichs-Archiv [1], Pars Generalis, nebst dessen Continuation, Welcher in sich begreifft, ein vollkommenes Corpus Juris Publici des Heiligen Römischen Reichs Teutscher Nation... """,24,deutsch reich archiv pars generalis continuatio begriffen vollkommen corpus jus publicus heilig roma deutsch natio,15
"""Teutsches Reichs-Archiv, und zwar Pars Specialis, nebst dessen I. II. III. und IV. Continuation""",14,deutsch reich archiv pars specialis iii continuatio,7
Teutsches Rs Archiv partis spec[ialis] continuatio[nes] 1-4,7,deutsch rs archiv pars specialis continuatio,6
Theatrum Ceremoniale Historico-Politicum Oder Historisch- und Politischer Schau-Platz Aller Ceremonien,10,theatrum ceremonial historicus politicus historia politischer schau platz ceremonium,9
"""Thesaurus Iuris derer Grafen und Herren des Heil. Röm. Reichs, worinn von deren Ursprunge, Wachsthum, Praerogativen und Serechtsamen gehandelt ... wird""",21,thesaurus jus graf herr heilig roma reich worin ursprung wachsthum praerogatiue gerechtsame gehandelt,13
Bibel durch D. Luther verdeutscht,5,biblia luther uerdeutscht,3
Biblia germanica,2,biblia german*,2
Libertas Statuum Imperii,3,libertas status imperium,3
"""Speculum (Tractatvs de ordine ivdiciorvm, vulgo speculum aureum, & lumen aduocatorum : accesserunt, disputationes decem quaestionum legalium repetitio preterea in L. Is. potest. de acq. Hered)""",26,speculum tractatus ordo judicium vulgo2 aureus lumen advoco accedo disputatio quaestio legalis repetitio preterea acq hereditas,16
Decisiones aurea in Delphinatus Senatu discussa,6,decisio aureus delphinatus senatus discussio,5
Thesaurus novus anecdotorum,3,thesaurus novus anecdota,3
Decisiones novae Tholosanae,3,decisio novus tolosa,3
Decisiones Diversarvm Cavsarvm In Camera Imperiali Ivdicatarvm Adivnctis Relationibus Actorum,10,decisio diuersus causa cammer imperium judico adjungo relatio actum,9
Acta comitialia Ratisbonensia publica... oder Regenspurgische Reichstags-Handlungen und Geschichte von den Jahren 1653. und 1654,15,actum comitialia ratisbon publicus regensburg reich tag handlung geschichte,9
Acta Pacis executionis publica,4,actum pax executio publicus,4
Acta Pacis Westphalicae publica,4,actum pax westphalia publicus,4
"""De praesumptionibus, coniecturis, signis, & indiciis, commentaria""",7,praesumptio conicio signum index commentarius,5
Decisiones super causis praecipuis ad summum tribunal regium Vismariense delatis (cura Johann Jacob von Ryssel),15,decisio causa praecipuus summus tribunal regius uismariense delatus curo iohannis iacob ryssel,12
Theoretische Einleitung in die praktische Münzwissenschaft und eine genaue Prüfung und Kenntniss des Goldes und Silbers nach der deutschen und französischen Mark,22,theoria einleitung praktisch münz wissenschaft gena prüfung kenntnis gold silbers deutsch franzoesisch mark,13
"""Repertorium aureum... Opus Singularium Dictorum, Cum Apostillis Antea Positis, Et Auctum Quamplurimis etiam ultra singularia et notabilia Ludouici Romani, Mathesilani, et omnium Modernorum, per Henricum Ferrendar collectis""",27,repertorium aureus opus1 singularis dico2 apostolicus antea pono augeo quamplurimis ulter singularis notabilis ludouicus roma mathesilani omne modernus henricus ferrendar collectus,21
"""Praxis rerum criminal variorum auctorum, edit opera Franc Modii""",9,praxis res criminalis varius1 auctor editus opus1 franc modius,9
"""Tractatus de jure venandi, aucupandi et piscandi""",7,tractatus jus venor aucupo piscor,5
Kleine Schriften,2,schrift,1
Samlung der neuesten und wichtigsten deductionen in teutschen Staats und Rechts sachen,12,sammlung neu wichtig deductio deutsch staat recht sache,8
Beytra¨ge zu dem neuesten Europa¨ischen Vo¨lckerrecht in Fridens-Zeiten,8,beitrage neu europa uölker recht frieden,6
Familien-Staats-Recht derer teutschen Reichsstaende,4,familie staat recht deutsch reich stand,6
Persoenliches Staats-Recht der teutschen Reichs Staende,6,persoenlich staat recht deutsch reich stand,6
Reichs-Fama,1,reich fama,2
Teutsches Auswaertiges Staats-Recht,3,deutsch auswärtig staat recht,4
Teutsches Nachbarliches Staats-Recht,3,deutsch nachbarlich staat recht,4
Teutsches Staats-Clecher,2,deutsch staat clecher,3
Teutsches Staats-Recht,2,deutsch staat recht,3
Teutsches Staats-Recht - Zusaetze,4,deutsch staat recht zusatz,4
Versuch eines Europaeischen Volker-Rechts,4,uersuch europa uölker recht,4
Von dem Reichs-Staendischen Schuldwesen,4,reich stand schuldwese,3
"""Von dem Römischen Kayser, Römischen König und denen Reichs-Vicarien""",9,roma kaiser könig reich uicarius,5
Von der kaiserlichen Regierungs-Rechten und Pflichten,6,kaiser regierung recht pflichte,4
Von der Landeshoheit der Reichs-Staende ueberhaupt,6,land hoheit reich stand,4
Von der Landeshoheit in Cammeral-Sachen,5,land hoheit cammer sache,4
Von der Landeshoheit in Geistlichen,5,land hoheit geistlich,3
Von der Landeshoheit in Polizey-Sachen [+ibid. Gnaden-Sachen + ibid. Ansoehnung der Unterthanen Personen und der Vermoegens + ibid. in Ansoehnung Erde und Wassers],23,land hoheit polizei sache gnade ansoehnung untertane persona uermoegens erde wassers,11
Von der Landeshoheit in Regierungs-Sachen [+ ibid. Justiz-Sachen + ibid. Militaer-Sachen],11,land hoheit regierung sache iustiz militaris,6
Von der Landeshoheit in Steuer-Sachen,5,land hoheit steuer sache,4
Von der Reichs-Staedtischen Regiments Verfassung,5,reich stadt regiments verfassung,4
"""Von der teutsch Reichs-Stande Lander, deren Landstaende, Unterthanen""",8,deutsch reich stand land land stand untertane,7
Von der teutsch Religions-Verfassung,4,deutsch religion verfassung,3
Von der teutsch Untertanen Rechten und Pflichten,7,deutsch untertane recht pflichte,4
Von der Teutschen Creys-Verfassung,4,deutsch kreis verfassung,3
Von der Teutschen Justiz-Verfassung,4,deutsch iustiz verfassung,3
Von der Teutschen Lehens-Verfassung,4,deutsch lehen verfassung,3
"""Von der Teutschen Reichs-Staenden, der Reichs-Ritterschaft auch dem uebrigen unmittelbaren Reichs-Gliedern""",11,deutsch reich stand ritterschaft übrig unmittelbar glied,7
Von der Teutschen Reichs-Tagen,4,deutsch reich tag,3
Von der Teutschen Reichs-Tags-Geschäfften,4,deutsch reich tag geschäft,4
Von Teutschland uns dessen Staats-Verfassung,5,deutschland staat verfassung,3
Tractatus de contractibus,3,tractatus contractus2,2
De contractibus,2,contractus2,1
Observationes,1,obseruatio,1
Buergerliches Gesetzbuch + Supplement,4,bürgerlich gesetz buch supplement,4
Principia processus judici imperialis auliae hodierni,6,principia processus2 judicium imperium aulia hodiernus,6
Meditationes juris principum privati,4,meditatio jus princeps priuatus,4
Neue Erläuterung der Guldenen Bulle Kaysers Carls des IV,9,erlaeuterung gulden bull kaiser carolus,5
Nöthig- und nützlich-erachtete Anmerckungen ueber die... Tituln... der so genannten Erneuerten Reformation der Stadt Franckfurt am Mayn,17,nötig nützlich erachtet anmerkung titul genannt erneuert reformatio stadt frankfurt may,11
Consilia responsa relationes et allegationes iuris,6,consilium responsum relatio allegatio jus,5
De probationibus,2,probatio,1
Decisiones,1,decisio,1
Tractatus de fideicommissis,3,tractatus fideicommitto,2
Commentaria... in tres posteriores libros Codicis Justiniani,7,commentarius tres posterus liber4 codex justinianus,6
De fideicommissis praesertim universalibus : tractatus frequentissimus,7,fideicommitto praesertim uniuersal tractatus frequens,5
"""Corpus iuris publici, Vera Eius principia, Controversias Illustres, Earumque Rationes Affirmantes ... Ex Ipsis Fontibus Exhibens : Ad ductum Institutionum iuris publici Philippi Reinhardi Vitriarii ... in IV. tomos distributum""",30,corpus jus publicus verus principia controversia illustris ratio affirmo fons exhibeo duco institutio philipp reinhardus uitriarii tomus distribuo,18
"""Pontificum hist et dialogi (Platyne de vitis maxi. ponti. historia : perjocunda, diligenter recognita et nunc tantum integre impressa. Raphaellis Volaterrani historia de vita quatuor maxi. ponti. nuper edita et in fine posita. Platyne de falso et vero bono dialogus ... Platyne contra amores dialogus ... Platyne de vera nobilitate dialogus ... Platyne de optimo cive dialogus ... Platyne panegyricus in laudem reverendissimi cardinalis Niceni)""",65,pontifex dialogus platyne vita maxi pontus1 historia periocunda diligens recognosco nunc tantus integer imprimo raphaellis uolaterrani uita quattuor nuper editus finis pono fallo bonus dialogus contra amor verus nobilito bonus civis panegyricus laudo reuerendus cardinalis niceni,36
"""Consilia, seu Responsa, et Quaestiones Aureae""",6,consilium responsum quaestio aureus,4
Commentariorum de rebus suecicis libri XXVI. : ab expeditione Gustavi Adolfi regis in Germaniam ad abdicationem usque Christinae,18,commentarius res suecicis liber4 xxui expeditio gusto adolfus rex german* abdicatio usque christina,13
Büchernachdruck nach ächten Grundsätzen des Rechts,6,buchernachdruck acht grundsatz recht,4
Elemente Juris Publici Germanici,4,element jus publicus german*,4
Introductio in rem judiciaram imperii,5,introductio res iudaeus imperium,4
Opuscula,1,opusculum,1
Decisiones ampliss Senatvs mediolanensis aliorvmqve supremorum magistratuum,7,decisio amplissimus senatus mediolanensis alius2 superus magister,7
"""Justitia Selecta Gentium Europaearum in Cambiis aliisque causis mercantilibus... oder Grund-Feste, des ... Rechten und Gewohnheiten in Wechsel und Commercien-Sachen""",20,justitia selecta gens europa cambium alius2 causa mercantilibus grund festus1 recht gewohnheit wechsel commercien sache,15
Commentaria amplissima in tit. dig. de verborum et rerum signifactione,10,commentarius amplus titulus digestum verbum res signifactio,7
Commentaria in constitvtiones sev ordinationes regias [cura Audomari Rebuffo],9,commentarius constitutio ordinatio regia curo audomari audomari_rebuffo,7
"""Explicatio ad qvatvor primos pandectarvm libros, novaeqve eorvndem et svbtiles illvstrationes""",11,explicatio quattuor primus pandectes liber4 novus subtilis illustratio,8
Responsa et consilia,3,responsum consilium,2
"""Tractatus varii, extrema autoris manu recogniti; selectissimis Opusculis, Notis et Summariis, hac postrema editione aucti et locupletati""",17,tractatus varius1 extremus author manus1 recognitus selectissimus opusculum nota summaria posterus editio augeo locupleto,14
Praxis beneficiorum,2,praxis beneficus,2
"""Vetervm scriptorvm, qvi Caesarvm et imperatorvm Germanicorvm res per aliqvot saecvla gestas litteris mandarvnt, tomvs vnvs""",16,vetus scriptor caesar imperator german* res saeculum gestum littera mando1 tomus,11
Teutschen Staatskanzley,2,deutsch staat kanzlei,3
Decisiones ampliss Senatus Mediolanensis,4,decisio amplissimus senatus mediolanensis,4
De unione prolium tractatus,4,unio2 prolium tractatus,3
De feudis,2,feudum,1
"""Rechtliche Staatsbetrachtungen über die Frage: Ob die in dem Fürstlich Hessischen Gebiete gelegenen Güter und Einkünfte der von dem Kurfürsten zu Mainz im verflossenen Jahr 1781 aufgehobenen drei Klöster dem Kurfürsten von Mainz, oder den Landgrafen von Hessen von Reichsrechtswegen zugefallen sind?""",42,recht staat betrachtung frage fürstlich hesse gebiete gelegen einkünft kurfürst mainz uerflossene aufheben kloster land graf hesse reich recht weg zugefalle,21
"""Thesaurus iuris emphyteutici, continens I. Tractatum absolutissimum Alvari Valasci ... II. Praelectiones insignis I.C. Elbert Leonini, ... III. Formam seu exemplum integri processus ... IV. Decadem Votorum Cameralium...""",28,thesaurus jus emphyteuticus contineo tractatus absolvo aluarus ualasci praelectio insignio ic elbert leonini iii forma exemplum integer processus2 decas voveo cameralis,21
"""Thesaurus iuris executivi ecclesiastici, criminalis et civilis : continens tractat. I. Rutgeri Rulandt de invocatione utriusque brachii, causae praesenti venetae accommodatus ; II. Flaminii Chartarii, de executione sententiae contumacialis, capto Bannito""",31,thesaurus jus executiv ecclesiastes criminalis civilis1 contineo tractatus rutgeri rulandt invocatio utriusque bracchium causa praesens uenetae accommodo flaminius1 chartarius executio sententia contumacialis capio bann,24
Commentariorvm... ad V. libros decretalium,5,commentarius liber4 decretales,3
Consilia,1,consilium,1
"""Corpus Traditionum Fuldensium : Ordine Chronologico Digestum, Complectens Omnes Et Singulas Imperatorum, Regum ... In Ecclesiam Fuldensem Collatas, Ab Anno Fundationis Suae DCCXLIV Ad Finem Usque Saeculi XIII. Accedit patrimonium S. Bonifacii sive Buchonia vetus""",35,corpus traditio fuldensis ordo chronologia digestum complector omne singulus imperator rex ecclesia fuldensis confero annum fundationis dccxliu finis usque saeculum xiii accedo patrimonium bonifacii buchonia vetus,26
Dioecesis Fuldensis Cum Annexa Sua Hierarchia,6,diocesis fuldensis annexa hierarchia,4
Fuldischer Lehn-Hof,2,fuldensis lehen hof,3
Historia Fuldensis,2,historia fuldensis,2
Compendium juris Digestorum,3,compendium jus digestum,3
Principia praxeos juridicae judiciariae,4,principia praxis iuridicus judiciarius,4
Commentatio ad consuetudinem feudor[um],4,commentatio consuetudo feudum,3
Compendium juris publici SRI,4,compendium jus publicus sacer romanus imperium,6
"""Corpus juris publici S.R. Imperii academicum, enthaltend des Heiligen Romischen Reichs deutschen Nation Grund-Gesetze, nebst einem Auszuge der Reichs-Abschiede anderer Reichs-Schlüsse und Vergleiche [Gottlieb Schumann]""",25,corpus jus publicus sacer romanus imperium imperium academicus enthalten heilig roma reich deutsch natio grund gesetz auszug abschied schluss uergleich gottlieb schuman,22
Historische und zum Theil politische Beschreibung des Amts Windeiken. Von dem ehemaligen Amtmann Schmidt daselbst zu Manuscript,17,historia teil politische beschreibung amt windeike ehemalig amtman schmidt manuscript,10
Illustres aureae quaestionum variarum juris controversarum decisiones,7,illustris aureus quaestio varius1 jus controuersa decisio,7
Alrabia illustret,2,alrabia illustro,2
"""Urtheil und Beschaydt am Hochlöblichen Kayserlichen Cammergericht vom Jahr 1495, als dasselbe angefangen""",13,urteil bescheid hochloblich kaiser cammer gericht anfangen,7
Rechtsfälle enthaltend Gutachten und Entscheidungen vorzüglich aus dem teutschen Staats- und Privatrecht,12,recht fall enthalten gutachte entscheidung vorzuglich deutsch staat priuatrecht,9
Abhandlung der wichtigen Lehre von der kays. hoechsten Gerichtsbarkeit in Deutschland.,11,abhandlung wichtig lehre kaiser höchst gerichtsbarkeit deutschland,7
Corpus juris feudalis Germanici,4,corpus jus feudum german*,4
"""Corpus Juris Germanici publici et privati ex aevo medio, hactenus ineditum e bibliotha Senckenbergiana emissum, curante Gust Georg Koenig""",19,corpus jus german* publicus priuatus aevum medius ineditus bibliotheca senckenbergiana emitto curo gus georg könig,15
"""Disquisitiones tres de judiciis principum, Palatini in Caesarem, et recursu ad Comitia, quarum prior ananymi et adoptiva est""",18,disquisitio tres judicium princeps palatina caesar recursus comitium prior anonymus adoptivus,11
Selecta Juris et historiarum,4,selecta jus historia,3
Neu und vollstaendige Sammlung der Reichs Abschiede,7,neu vollständig sammlung reich abschied,5
De trinitatis erroribus,3,trinitas error,2
Formular-Buch,1,formular buch,2
Teutscher Reichs-Process : nebst beygefügten Abkürzungen des Processvs aus dem in denen Königl. Preussischen Landen eingeführten Codice Fridericiano,18,deutsch reich processus2 beigefugt abkurzung processus2 könig preussen land einführen codex fridericus,12
Corpus Juris Cambialis,3,corpus jus cambialis,3
Hist. Beschreibung (Beschreibung geistlicher und weltlicher Historien unter Carolo V),10,beschreibung geistlich weltich historia carolus,5
De stato religionis theatrum Europaeum,5,status religio theatrum europa,4
Von Forstlicher Oberherrlich- und Gerechtigkeit,5,forst oberherrlich gerechtigkeit,3
"""De vitis imperatorvm et caesarvm Romanorvm, tam occidentalivm qvam orientalivm : nec non vxorvm et liberorvm eorvm, item tyrannorvm omnium""",20,vita imperator caesar roma occidentalis orientalis uxor liber1 tyrannus omne,10
"""Jurisprudentia heroica : seu ius quo illustres vtuntur priuatum, ex innumeris exemplis actis publicis editis et ineditis atque historiarum monumentis omnis aeui illustratum""",23,iurisprudentia heroicus jus illustris uto priuatus innumerus exemplum actum publicus editus ineditus historia monumentum omne aevum illustratio,17
"""Syntagma iuris feudalis. Cum observationibus feudalibus ... decade consiliorum ac responsorum feudalium, necnon centuria consiliorum et semicenturia""",17,syntagma jus feudum obseruatio feudum decas consilium responsum feudalis nec non centurio1 semicenturia,13
Diss jurid,2,dissertatio iuridicus,2
Opera omnia,2,opus1 omne,2
Specimen usus moderni Pandectarum : Cum 4 continuationibus,8,specimen usus modernus pandectes continuatio,5
Annales Rerum Hanoviensium praecipue autem novae civitatis,7,annalis res hanau praecipuus novus civitas,6
"""Decisiones [Decisiones. 2, Nunc primum in Germani a plurimis mendis repurg. et ... Renovatae]""",14,decisio nunc primus german* multus menda repurg renovo,8
Decisiones [Nouae decisiones sacri Senatus Pedemontani],6,decisio novus sacer senatus pedemontanus,5
Decisiones [Decisiones et discussiones quaestionum variarum apud iuris utriusque interpretes controversarum],11,decisio discussio quaestio varius1 jus utriusque interpres controuersa,8
Historiarum sui temporis opera,4,historia tempus opus1,3
Thuanus,1,thuanus,1
"""De utroque Retractu, municipali et conventionali, commentarii duo""",8,utriusque retraho municipalis conuentionalis commentarius duo,6
Historia Palatina cum notis Joannis,5,historia palatina nota iohannis,4
Origines Palatinae,2,origo1 palatina,2
Practicarum conclusionum juris,3,practicus conclusio jus,3
Tractatus de nullitatibus processuum ac sententiarum,6,tractatus nullitatibus processus2 sententia,4
"""Controversiarum illustrium, aliarumque usu frequentium libri tres""",7,controversia illustris usus frequens liber4 tres,6
"""Commentarii iuris civilis 5 De Legatis & fideicommissis. De Donationibus. De Feudis : Accesserunt Indices Locorum, in quibus singulae leges ... Tractantur""",22,commentarius jus civilis1 lego2 fideicommitto donatio feudum accedo index locus singulus lex tracto,13
Jus criminale,2,jus criminalis,2
Methodus juris civilis et J.R. Nicol Vigelii,7,methodus jus civilis1 ir nicol uigelii,6
Decisiones Regni Neapolitani,3,decisio regnum neapolitanus,3
"""Universal-Register über die sechs Theile der Westphälischen Friedens-Handlungen und Geschichte, imgleichen über die zween Theile der Nürnbergischen Friedens-Executions-Handlungen und Geschichte""",20,uniuersal register teil westphalia frieden handlung geschichte imgleich nürnberg executio,10
Paratitla In Pandectarvm Iuris ciuilis Libros quinquaginta,7,paratitla pandectes jus civilis1 liber4 quinquaginta,6
Hess. Landbescriebung,2,hesse land beschreibung,3
Diocesis Moguntina in Archidiaconatur distincta,5,diocesis mainz archidiaconatur distinguo,4
Nova subsidia diplomatica ad selecta juris ecclesiastici Germaniae,8,novus subsidium diplomaticus selecta jus ecclesiastes german*,7
Operum omnium,2,opus1 omne,2
