Source,Target,Type,Weight
accipio,sententia,Undirected,1
accipio,communis,Undirected,1
accipio,opinio,Undirected,1
accipio,jus,Undirected,1
sententia,communis,Undirected,1
sententia,opinio,Undirected,1
sententia,jus,Undirected,1
communis,opinio,Undirected,1
communis,jus,Undirected,1
opinio,jus,Undirected,1
consilium,feudalis,Undirected,1
consilium,varius1,Undirected,1
consilium,scriptus,Undirected,1
consilium,diligens,Undirected,1
consilium,collectus,Undirected,1
feudalis,varius1,Undirected,1
feudalis,scriptus,Undirected,1
feudalis,diligens,Undirected,1
feudalis,collectus,Undirected,1
varius1,scriptus,Undirected,1
varius1,diligens,Undirected,1
varius1,collectus,Undirected,1
scriptus,diligens,Undirected,1
scriptus,collectus,Undirected,1
diligens,collectus,Undirected,1
consilium,tres,Undirected,1
consilium,socinus,Undirected,1
tres,socinus,Undirected,1
corpus,canonicus,Undirected,2
corpus,jus,Undirected,4
corpus,glossa,Undirected,4
canonicus,jus,Undirected,2
canonicus,glossa,Undirected,2
jus,glossa,Undirected,4
corpus,civilis1,Undirected,2
jus,civilis1,Undirected,5
civilis1,glossa,Undirected,2
decretales,nota,Undirected,1
decretales,membrana,Undirected,1
decretales,describo,Undirected,1
nota,membrana,Undirected,1
nota,describo,Undirected,1
membrana,describo,Undirected,1
decretum,glossa,Undirected,2
responsum,jus,Undirected,4
responsum,causa,Undirected,1
responsum,land,Undirected,1
responsum,graf,Undirected,1
jus,causa,Undirected,1
jus,land,Undirected,1
jus,graf,Undirected,1
causa,land,Undirected,1
causa,graf,Undirected,1
land,graf,Undirected,1
sextus1,decretales,Undirected,1
uolumen,pertineo,Undirected,1
uolumen,decretum,Undirected,1
pertineo,decretum,Undirected,1
ordino,judicium,Undirected,1
corpus,digestum,Undirected,1
corpus,novus,Undirected,1
jus,digestum,Undirected,1
jus,novus,Undirected,1
jus,ordinarius,Undirected,1
civilis1,digestum,Undirected,1
civilis1,novus,Undirected,1
civilis1,ordinarius,Undirected,1
civilis1,accursius,Undirected,1
digestum,novus,Undirected,2
digestum,glossa,Undirected,1
digestum,ordinarius,Undirected,1
digestum,accursius,Undirected,1
digestum,florentinus,Undirected,1
novus,glossa,Undirected,1
novus,ordinarius,Undirected,1
novus,accursius,Undirected,1
novus,florentinus,Undirected,1
glossa,ordinarius,Undirected,1
glossa,accursius,Undirected,1
glossa,florentinus,Undirected,1
ordinarius,accursius,Undirected,1
ordinarius,florentinus,Undirected,1
accursius,florentinus,Undirected,1
liber4,feudum,Undirected,1
decisio,neapolitanus,Undirected,2
decisio,antiquus,Undirected,3
decisio,novus,Undirected,2
decisio,summa,Undirected,1
decisio,auctoritas,Undirected,1
neapolitanus,antiquus,Undirected,1
neapolitanus,novus,Undirected,1
neapolitanus,summa,Undirected,1
neapolitanus,auctoritas,Undirected,1
neapolitanus,matthaeus,Undirected,2
antiquus,novus,Undirected,1
antiquus,summa,Undirected,1
antiquus,auctoritas,Undirected,1
antiquus,matthaeus,Undirected,1
antiquus,affligo,Undirected,1
novus,summa,Undirected,1
novus,auctoritas,Undirected,1
novus,matthaeus,Undirected,1
novus,affligo,Undirected,1
novus,antonius,Undirected,1
summa,auctoritas,Undirected,1
summa,matthaeus,Undirected,1
summa,affligo,Undirected,1
summa,antonius,Undirected,1
summa,capucium,Undirected,1
auctoritas,matthaeus,Undirected,1
auctoritas,affligo,Undirected,1
auctoritas,antonius,Undirected,1
auctoritas,capucium,Undirected,1
auctoritas,utriusque,Undirected,1
matthaeus,affligo,Undirected,2
matthaeus,antonius,Undirected,1
matthaeus,capucium,Undirected,1
matthaeus,utriusque,Undirected,1
matthaeus,jus,Undirected,1
affligo,antonius,Undirected,1
affligo,capucium,Undirected,1
affligo,utriusque,Undirected,1
affligo,jus,Undirected,1
affligo,doctor,Undirected,1
antonius,capucium,Undirected,1
antonius,utriusque,Undirected,1
antonius,jus,Undirected,1
antonius,doctor,Undirected,1
antonius,communis,Undirected,1
capucium,utriusque,Undirected,1
capucium,jus,Undirected,1
capucium,doctor,Undirected,1
capucium,communis,Undirected,1
capucium,concordia1,Undirected,1
utriusque,jus,Undirected,3
utriusque,doctor,Undirected,1
utriusque,communis,Undirected,1
utriusque,concordia1,Undirected,1
utriusque,concilium,Undirected,1
jus,doctor,Undirected,1
jus,communis,Undirected,2
jus,concordia1,Undirected,1
jus,concilium,Undirected,1
jus,senator,Undirected,1
doctor,communis,Undirected,1
doctor,concordia1,Undirected,1
doctor,concilium,Undirected,1
doctor,senator,Undirected,1
doctor,voveo,Undirected,1
communis,concordia1,Undirected,1
communis,concilium,Undirected,1
communis,senator,Undirected,1
communis,voveo,Undirected,1
communis,suffragium,Undirected,1
concordia1,concilium,Undirected,1
concordia1,senator,Undirected,1
concordia1,voveo,Undirected,1
concordia1,suffragium,Undirected,1
concordia1,summum,Undirected,1
concilium,senator,Undirected,1
concilium,voveo,Undirected,1
concilium,suffragium,Undirected,1
concilium,summum,Undirected,1
concilium,diligo,Undirected,1
senator,voveo,Undirected,1
senator,suffragium,Undirected,1
senator,summum,Undirected,1
senator,diligo,Undirected,1
senator,singularis,Undirected,1
voveo,suffragium,Undirected,1
voveo,summum,Undirected,1
voveo,diligo,Undirected,1
voveo,singularis,Undirected,1
voveo,judicium,Undirected,1
suffragium,summum,Undirected,1
suffragium,diligo,Undirected,1
suffragium,singularis,Undirected,1
suffragium,judicium,Undirected,1
suffragium,collectus,Undirected,1
summum,diligo,Undirected,1
summum,singularis,Undirected,1
summum,judicium,Undirected,1
summum,collectus,Undirected,1
summum,accedo,Undirected,1
diligo,singularis,Undirected,1
diligo,judicium,Undirected,1
diligo,collectus,Undirected,1
diligo,accedo,Undirected,1
diligo,praeterea,Undirected,1
singularis,judicium,Undirected,1
singularis,collectus,Undirected,1
singularis,accedo,Undirected,1
singularis,praeterea,Undirected,1
singularis,thoma,Undirected,1
judicium,collectus,Undirected,1
judicium,accedo,Undirected,1
judicium,praeterea,Undirected,1
judicium,thoma,Undirected,1
judicium,grammaticus,Undirected,1
collectus,accedo,Undirected,1
collectus,praeterea,Undirected,1
collectus,thoma,Undirected,2
collectus,grammaticus,Undirected,1
collectus,itidem,Undirected,1
accedo,praeterea,Undirected,1
accedo,thoma,Undirected,1
accedo,grammaticus,Undirected,1
accedo,itidem,Undirected,1
accedo,neapolitanus,Undirected,1
praeterea,thoma,Undirected,1
praeterea,grammaticus,Undirected,1
praeterea,itidem,Undirected,1
praeterea,neapolitanus,Undirected,1
praeterea,praedico2,Undirected,1
thoma,grammaticus,Undirected,2
thoma,itidem,Undirected,1
thoma,neapolitanus,Undirected,1
thoma,praedico2,Undirected,1
thoma,matthaeus,Undirected,1
grammaticus,itidem,Undirected,1
grammaticus,neapolitanus,Undirected,1
grammaticus,praedico2,Undirected,1
grammaticus,matthaeus,Undirected,1
grammaticus,additio,Undirected,1
itidem,neapolitanus,Undirected,1
itidem,praedico2,Undirected,1
itidem,matthaeus,Undirected,1
itidem,additio,Undirected,1
itidem,utilis,Undirected,1
neapolitanus,praedico2,Undirected,1
neapolitanus,additio,Undirected,1
neapolitanus,utilis,Undirected,1
neapolitanus,totus1,Undirected,1
praedico2,matthaeus,Undirected,1
praedico2,additio,Undirected,1
praedico2,utilis,Undirected,1
praedico2,totus1,Undirected,1
praedico2,opus1,Undirected,1
matthaeus,additio,Undirected,1
matthaeus,utilis,Undirected,1
matthaeus,totus1,Undirected,1
matthaeus,opus1,Undirected,1
matthaeus,multus,Undirected,1
additio,utilis,Undirected,1
additio,totus1,Undirected,1
additio,opus1,Undirected,1
additio,multus,Undirected,1
additio,lucus1,Undirected,1
utilis,totus1,Undirected,1
utilis,opus1,Undirected,1
utilis,multus,Undirected,1
utilis,lucus1,Undirected,1
utilis,afferre,Undirected,1
totus1,opus1,Undirected,1
totus1,multus,Undirected,1
totus1,lucus1,Undirected,1
totus1,afferre,Undirected,1
totus1,annotatio,Undirected,1
opus1,multus,Undirected,1
opus1,lucus1,Undirected,1
opus1,afferre,Undirected,1
opus1,annotatio,Undirected,1
opus1,iohannis,Undirected,1
multus,lucus1,Undirected,1
multus,afferre,Undirected,1
multus,annotatio,Undirected,1
multus,iohannis,Undirected,1
multus,fichard,Undirected,1
lucus1,afferre,Undirected,1
lucus1,annotatio,Undirected,1
lucus1,iohannis,Undirected,1
lucus1,fichard,Undirected,1
lucus1,frankfurt,Undirected,1
afferre,annotatio,Undirected,1
afferre,iohannis,Undirected,1
afferre,fichard,Undirected,1
afferre,frankfurt,Undirected,1
afferre,recens,Undirected,1
annotatio,iohannis,Undirected,1
annotatio,fichard,Undirected,1
annotatio,frankfurt,Undirected,1
annotatio,recens,Undirected,1
annotatio,adicio,Undirected,1
iohannis,fichard,Undirected,1
iohannis,frankfurt,Undirected,1
iohannis,recens,Undirected,1
iohannis,adicio,Undirected,1
fichard,frankfurt,Undirected,1
fichard,recens,Undirected,1
fichard,adicio,Undirected,1
frankfurt,recens,Undirected,1
frankfurt,adicio,Undirected,1
recens,adicio,Undirected,1
opus1,andrea,Undirected,1
opus1,alciati,Undirected,1
opus1,omne,Undirected,4
opus1,usque,Undirected,1
opus1,sparsim,Undirected,1
andrea,alciati,Undirected,1
andrea,omne,Undirected,1
andrea,usque,Undirected,1
andrea,sparsim,Undirected,1
andrea,prodeo,Undirected,1
alciati,omne,Undirected,1
alciati,usque,Undirected,1
alciati,sparsim,Undirected,1
alciati,prodeo,Undirected,1
alciati,usquam,Undirected,1
omne,usque,Undirected,1
omne,sparsim,Undirected,1
omne,prodeo,Undirected,1
omne,usquam,Undirected,1
usque,sparsim,Undirected,1
usque,prodeo,Undirected,1
usque,usquam,Undirected,1
sparsim,prodeo,Undirected,1
sparsim,usquam,Undirected,1
prodeo,usquam,Undirected,1
appario,vis,Undirected,1
appario,decretum,Undirected,1
vis,decretum,Undirected,1
lexicon,jus,Undirected,1
usus2,feudum,Undirected,1
repetitio,solemnis,Undirected,1
repetitio,diffamare,Undirected,1
repetitio,codex,Undirected,1
repetitio,inge,Undirected,1
repetitio,manumissio,Undirected,1
solemnis,diffamare,Undirected,1
solemnis,codex,Undirected,1
solemnis,inge,Undirected,1
solemnis,manumissio,Undirected,1
solemnis,commendatio,Undirected,1
diffamare,codex,Undirected,1
diffamare,inge,Undirected,1
diffamare,manumissio,Undirected,1
diffamare,commendatio,Undirected,1
diffamare,iohannis,Undirected,1
codex,inge,Undirected,1
codex,manumissio,Undirected,1
codex,commendatio,Undirected,1
codex,iohannis,Undirected,1
codex,bendorpii,Undirected,1
inge,manumissio,Undirected,1
inge,commendatio,Undirected,1
inge,iohannis,Undirected,1
inge,bendorpii,Undirected,1
manumissio,commendatio,Undirected,1
manumissio,iohannis,Undirected,1
manumissio,bendorpii,Undirected,1
commendatio,iohannis,Undirected,1
commendatio,bendorpii,Undirected,1
iohannis,bendorpii,Undirected,1
tractatus,interdictum,Undirected,1
tractatus,uto,Undirected,1
tractatus,possideo,Undirected,1
tractatus,manutentio,Undirected,1
tractatus,possessio,Undirected,1
interdictum,uto,Undirected,1
interdictum,possideo,Undirected,1
interdictum,manutentio,Undirected,1
interdictum,possessio,Undirected,1
interdictum,contineo,Undirected,1
uto,possideo,Undirected,1
uto,manutentio,Undirected,1
uto,possessio,Undirected,1
uto,contineo,Undirected,1
uto,quaestio,Undirected,1
possideo,manutentio,Undirected,1
possideo,possessio,Undirected,1
possideo,contineo,Undirected,1
possideo,quaestio,Undirected,1
possideo,utilis,Undirected,1
manutentio,possessio,Undirected,1
manutentio,contineo,Undirected,1
manutentio,quaestio,Undirected,1
manutentio,utilis,Undirected,1
manutentio,praxis,Undirected,1
possessio,contineo,Undirected,1
possessio,quaestio,Undirected,1
possessio,utilis,Undirected,1
possessio,praxis,Undirected,1
possessio,theoria,Undirected,1
contineo,quaestio,Undirected,1
contineo,utilis,Undirected,1
contineo,praxis,Undirected,1
contineo,theoria,Undirected,1
quaestio,utilis,Undirected,1
quaestio,praxis,Undirected,1
quaestio,theoria,Undirected,1
utilis,praxis,Undirected,1
utilis,theoria,Undirected,1
praxis,theoria,Undirected,1
decisio,burdegalenses,Undirected,1
decisio,nunc,Undirected,1
decisio,accedo,Undirected,1
decisio,boerii,Undirected,1
decisio,consilium,Undirected,2
burdegalenses,nunc,Undirected,1
burdegalenses,accedo,Undirected,1
burdegalenses,boerii,Undirected,1
burdegalenses,consilium,Undirected,1
burdegalenses,tractatus,Undirected,1
nunc,accedo,Undirected,1
nunc,boerii,Undirected,1
nunc,consilium,Undirected,1
nunc,tractatus,Undirected,1
nunc,seditiosus,Undirected,1
accedo,boerii,Undirected,1
accedo,consilium,Undirected,1
accedo,tractatus,Undirected,1
accedo,seditiosus,Undirected,1
accedo,custodia,Undirected,1
boerii,consilium,Undirected,1
boerii,tractatus,Undirected,1
boerii,seditiosus,Undirected,1
boerii,custodia,Undirected,1
boerii,clauis,Undirected,1
consilium,tractatus,Undirected,1
consilium,seditiosus,Undirected,1
consilium,custodia,Undirected,1
consilium,clauis,Undirected,1
consilium,porta,Undirected,1
tractatus,seditiosus,Undirected,1
tractatus,custodia,Undirected,1
tractatus,clauis,Undirected,1
tractatus,porta,Undirected,1
tractatus,civitas,Undirected,1
seditiosus,custodia,Undirected,1
seditiosus,clauis,Undirected,1
seditiosus,porta,Undirected,1
seditiosus,civitas,Undirected,1
seditiosus,additio,Undirected,1
custodia,clauis,Undirected,1
custodia,porta,Undirected,1
custodia,civitas,Undirected,1
custodia,additio,Undirected,1
custodia,tractatus,Undirected,1
clauis,porta,Undirected,1
clauis,civitas,Undirected,1
clauis,additio,Undirected,1
clauis,tractatus,Undirected,1
clauis,iohannis,Undirected,1
porta,civitas,Undirected,1
porta,additio,Undirected,1
porta,tractatus,Undirected,1
porta,iohannis,Undirected,1
porta,montanus1,Undirected,1
civitas,additio,Undirected,1
civitas,tractatus,Undirected,1
civitas,iohannis,Undirected,1
civitas,montanus1,Undirected,1
civitas,authoritas,Undirected,1
additio,tractatus,Undirected,1
additio,iohannis,Undirected,1
additio,montanus1,Undirected,1
additio,authoritas,Undirected,1
additio,magnus,Undirected,1
tractatus,iohannis,Undirected,1
tractatus,montanus1,Undirected,1
tractatus,authoritas,Undirected,1
tractatus,magnus,Undirected,1
tractatus,consilium,Undirected,1
iohannis,montanus1,Undirected,1
iohannis,authoritas,Undirected,1
iohannis,magnus,Undirected,1
iohannis,consilium,Undirected,1
montanus1,authoritas,Undirected,1
montanus1,magnus,Undirected,1
montanus1,consilium,Undirected,1
authoritas,magnus,Undirected,1
authoritas,consilium,Undirected,1
magnus,consilium,Undirected,1
repetitio,pandectes,Undirected,1
repetitio,pars,Undirected,1
repetitio,primus,Undirected,1
repetitio,infortiatum,Undirected,1
repetitio,secundus1,Undirected,1
pandectes,pars,Undirected,1
pandectes,primus,Undirected,1
pandectes,infortiatum,Undirected,1
pandectes,secundus1,Undirected,1
pandectes,digestum,Undirected,1
pars,primus,Undirected,1
pars,infortiatum,Undirected,1
pars,secundus1,Undirected,1
pars,digestum,Undirected,1
pars,novus,Undirected,1
primus,infortiatum,Undirected,1
primus,secundus1,Undirected,3
primus,digestum,Undirected,1
primus,novus,Undirected,1
primus,voco,Undirected,1
infortiatum,secundus1,Undirected,1
infortiatum,digestum,Undirected,1
infortiatum,novus,Undirected,1
infortiatum,voco,Undirected,1
secundus1,digestum,Undirected,1
secundus1,novus,Undirected,1
secundus1,voco,Undirected,1
digestum,voco,Undirected,1
novus,voco,Undirected,1
consilium,responsum,Undirected,6
primus,primus,Undirected,1
primus,secundus,Undirected,2
primus,decretales,Undirected,2
primus,commentarius,Undirected,2
primus,summaria,Undirected,1
secundus,secundus1,Undirected,1
secundus,decretales,Undirected,1
secundus,commentarius,Undirected,1
secundus,summaria,Undirected,1
secundus,index,Undirected,1
secundus1,decretales,Undirected,1
secundus1,commentarius,Undirected,1
secundus1,summaria,Undirected,1
secundus1,index,Undirected,1
secundus1,res,Undirected,1
decretales,commentarius,Undirected,1
decretales,summaria,Undirected,1
decretales,index,Undirected,1
decretales,res,Undirected,1
decretales,verbum,Undirected,1
commentarius,summaria,Undirected,1
commentarius,index,Undirected,1
commentarius,res,Undirected,1
commentarius,verbum,Undirected,1
commentarius,memorabilis,Undirected,1
summaria,index,Undirected,2
summaria,res,Undirected,1
summaria,verbum,Undirected,1
summaria,memorabilis,Undirected,1
summaria,locuples,Undirected,2
index,res,Undirected,1
index,verbum,Undirected,1
index,memorabilis,Undirected,1
index,locuples,Undirected,2
index,universus,Undirected,1
res,verbum,Undirected,1
res,memorabilis,Undirected,1
res,locuples,Undirected,2
res,universus,Undirected,1
res,materia,Undirected,1
verbum,memorabilis,Undirected,1
verbum,locuples,Undirected,1
verbum,universus,Undirected,1
verbum,materia,Undirected,1
verbum,complectere,Undirected,1
memorabilis,locuples,Undirected,1
memorabilis,universus,Undirected,1
memorabilis,materia,Undirected,1
memorabilis,complectere,Undirected,1
locuples,universus,Undirected,1
locuples,materia,Undirected,1
locuples,complectere,Undirected,1
universus,materia,Undirected,1
universus,complectere,Undirected,1
materia,complectere,Undirected,1
decisio,capelle,Undirected,1
decisio,sedes,Undirected,1
decisio,archiepiscopalis,Undirected,1
decisio,tolosa,Undirected,1
capelle,sedes,Undirected,1
capelle,archiepiscopalis,Undirected,1
capelle,tolosa,Undirected,1
sedes,archiepiscopalis,Undirected,1
sedes,tolosa,Undirected,1
archiepiscopalis,tolosa,Undirected,1
casus1,summaria,Undirected,1
casus1,decretales,Undirected,1
casus1,clementina,Undirected,1
summaria,decretales,Undirected,1
summaria,clementina,Undirected,1
decretales,clementina,Undirected,1
coniectura,jus,Undirected,1
coniectura,civilis1,Undirected,1
coniectura,liber4,Undirected,1
coniectura,sex,Undirected,1
coniectura,difficilis,Undirected,1
jus,liber4,Undirected,1
jus,sex,Undirected,1
jus,difficilis,Undirected,1
jus,pleo,Undirected,1
civilis1,liber4,Undirected,1
civilis1,sex,Undirected,1
civilis1,difficilis,Undirected,1
civilis1,pleo,Undirected,1
civilis1,locus,Undirected,1
liber4,sex,Undirected,1
liber4,difficilis,Undirected,1
liber4,pleo,Undirected,1
liber4,locus,Undirected,1
liber4,novus,Undirected,1
sex,difficilis,Undirected,1
sex,pleo,Undirected,1
sex,locus,Undirected,1
sex,novus,Undirected,1
sex,emendatio,Undirected,1
difficilis,pleo,Undirected,1
difficilis,locus,Undirected,1
difficilis,novus,Undirected,1
difficilis,emendatio,Undirected,1
difficilis,interpretatio,Undirected,1
pleo,locus,Undirected,1
pleo,novus,Undirected,1
pleo,emendatio,Undirected,1
pleo,interpretatio,Undirected,1
pleo,explico,Undirected,1
locus,novus,Undirected,1
locus,emendatio,Undirected,1
locus,interpretatio,Undirected,1
locus,explico,Undirected,1
novus,emendatio,Undirected,1
novus,interpretatio,Undirected,1
novus,explico,Undirected,1
emendatio,interpretatio,Undirected,1
emendatio,explico,Undirected,1
interpretatio,explico,Undirected,1
usus,feudum,Undirected,1
usus,collectaneus,Undirected,1
usus,quodam,Undirected,1
usus,modo,Undirected,1
usus,methodicus,Undirected,1
feudum,collectaneus,Undirected,1
feudum,quodam,Undirected,1
feudum,modo,Undirected,1
feudum,methodicus,Undirected,1
feudum,tyronis,Undirected,1
collectaneus,quodam,Undirected,1
collectaneus,modo,Undirected,1
collectaneus,methodicus,Undirected,1
collectaneus,tyronis,Undirected,1
collectaneus,jus,Undirected,1
quodam,modo,Undirected,1
quodam,methodicus,Undirected,1
quodam,tyronis,Undirected,1
quodam,jus,Undirected,1
quodam,disciplina,Undirected,1
modo,methodicus,Undirected,1
modo,tyronis,Undirected,1
modo,jus,Undirected,1
modo,disciplina,Undirected,1
modo,verso,Undirected,1
methodicus,tyronis,Undirected,1
methodicus,jus,Undirected,1
methodicus,disciplina,Undirected,1
methodicus,verso,Undirected,1
methodicus,inutilis,Undirected,1
tyronis,jus,Undirected,1
tyronis,disciplina,Undirected,1
tyronis,verso,Undirected,1
tyronis,inutilis,Undirected,1
tyronis,nonnulla,Undirected,1
jus,disciplina,Undirected,1
jus,verso,Undirected,1
jus,inutilis,Undirected,1
jus,nonnulla,Undirected,1
jus,homagium,Undirected,1
disciplina,verso,Undirected,1
disciplina,inutilis,Undirected,1
disciplina,nonnulla,Undirected,1
disciplina,homagium,Undirected,1
disciplina,opus1,Undirected,1
verso,inutilis,Undirected,1
verso,nonnulla,Undirected,1
verso,homagium,Undirected,1
verso,opus1,Undirected,1
verso,praefatio,Undirected,1
inutilis,nonnulla,Undirected,1
inutilis,homagium,Undirected,1
inutilis,opus1,Undirected,1
inutilis,praefatio,Undirected,1
inutilis,subditus,Undirected,1
nonnulla,homagium,Undirected,1
nonnulla,opus1,Undirected,1
nonnulla,praefatio,Undirected,1
nonnulla,subditus,Undirected,1
nonnulla,accedo,Undirected,1
homagium,opus1,Undirected,1
homagium,praefatio,Undirected,1
homagium,subditus,Undirected,1
homagium,accedo,Undirected,1
homagium,quotidianus,Undirected,1
opus1,praefatio,Undirected,1
opus1,subditus,Undirected,1
opus1,accedo,Undirected,1
opus1,quotidianus,Undirected,1
opus1,usuuenientia,Undirected,1
praefatio,subditus,Undirected,1
praefatio,accedo,Undirected,1
praefatio,quotidianus,Undirected,1
praefatio,usuuenientia,Undirected,1
praefatio,titulus,Undirected,1
subditus,accedo,Undirected,1
subditus,quotidianus,Undirected,1
subditus,usuuenientia,Undirected,1
subditus,titulus,Undirected,1
subditus,codex,Undirected,1
accedo,quotidianus,Undirected,1
accedo,usuuenientia,Undirected,1
accedo,titulus,Undirected,1
accedo,codex,Undirected,1
accedo,justinianus,Undirected,1
quotidianus,usuuenientia,Undirected,1
quotidianus,titulus,Undirected,1
quotidianus,codex,Undirected,1
quotidianus,justinianus,Undirected,1
quotidianus,jus,Undirected,1
usuuenientia,titulus,Undirected,1
usuuenientia,codex,Undirected,1
usuuenientia,justinianus,Undirected,1
usuuenientia,jus,Undirected,1
usuuenientia,emphyteuticus,Undirected,1
titulus,codex,Undirected,1
titulus,justinianus,Undirected,1
titulus,jus,Undirected,1
titulus,emphyteuticus,Undirected,1
titulus,succingo,Undirected,1
codex,justinianus,Undirected,1
codex,jus,Undirected,1
codex,emphyteuticus,Undirected,1
codex,succingo,Undirected,1
codex,dilucidus,Undirected,1
justinianus,jus,Undirected,1
justinianus,emphyteuticus,Undirected,1
justinianus,succingo,Undirected,1
justinianus,dilucidus,Undirected,1
justinianus,enarratio,Undirected,1
jus,emphyteuticus,Undirected,1
jus,succingo,Undirected,1
jus,dilucidus,Undirected,1
jus,enarratio,Undirected,1
emphyteuticus,succingo,Undirected,1
emphyteuticus,dilucidus,Undirected,1
emphyteuticus,enarratio,Undirected,1
succingo,dilucidus,Undirected,1
succingo,enarratio,Undirected,1
dilucidus,enarratio,Undirected,1
enchiridion,conclusio,Undirected,1
enchiridion,regula,Undirected,1
enchiridion,jus,Undirected,1
enchiridion,dono,Undirected,1
conclusio,regula,Undirected,1
conclusio,jus,Undirected,1
conclusio,dono,Undirected,1
regula,jus,Undirected,1
regula,dono,Undirected,1
jus,dono,Undirected,1
communis,conclusio,Undirected,1
decisio,pedemontanus,Undirected,1
decisio,caceserani,Undirected,1
decisio,parisiensis,Undirected,1
pedemontanus,caceserani,Undirected,1
pedemontanus,parisiensis,Undirected,1
caceserani,parisiensis,Undirected,1
maleficium,angelus,Undirected,1
maleficium,aretini,Undirected,1
maleficium,inquiro,Undirected,1
maleficium,animaduertere,Undirected,1
maleficium,crimen,Undirected,1
angelus,aretini,Undirected,1
angelus,inquiro,Undirected,1
angelus,animaduertere,Undirected,1
angelus,crimen,Undirected,1
angelus,opus1,Undirected,1
aretini,inquiro,Undirected,1
aretini,animaduertere,Undirected,1
aretini,crimen,Undirected,1
aretini,opus1,Undirected,1
aretini,parvus,Undirected,1
inquiro,animaduertere,Undirected,1
inquiro,crimen,Undirected,1
inquiro,opus1,Undirected,1
inquiro,parvus,Undirected,1
inquiro,utile,Undirected,1
animaduertere,crimen,Undirected,1
animaduertere,opus1,Undirected,1
animaduertere,parvus,Undirected,1
animaduertere,utile,Undirected,1
animaduertere,necessarius,Undirected,1
crimen,opus1,Undirected,1
crimen,parvus,Undirected,1
crimen,utile,Undirected,1
crimen,necessarius,Undirected,1
crimen,omne,Undirected,1
opus1,parvus,Undirected,1
opus1,utile,Undirected,1
opus1,necessarius,Undirected,1
opus1,contractus2,Undirected,1
parvus,utile,Undirected,1
parvus,necessarius,Undirected,1
parvus,omne,Undirected,1
parvus,contractus2,Undirected,1
parvus,nonnullus,Undirected,1
utile,necessarius,Undirected,1
utile,omne,Undirected,1
utile,contractus2,Undirected,1
utile,nonnullus,Undirected,1
utile,alberti,Undirected,1
necessarius,omne,Undirected,1
necessarius,contractus2,Undirected,1
necessarius,nonnullus,Undirected,1
necessarius,alberti,Undirected,1
necessarius,gandino,Undirected,1
omne,contractus2,Undirected,1
omne,nonnullus,Undirected,1
omne,alberti,Undirected,1
omne,gandino,Undirected,1
omne,bonifacii_de_uitalinis,Undirected,1
contractus2,nonnullus,Undirected,1
contractus2,alberti,Undirected,1
contractus2,gandino,Undirected,1
contractus2,bonifacii_de_uitalinis,Undirected,1
contractus2,apostolicus,Undirected,1
nonnullus,alberti,Undirected,1
nonnullus,gandino,Undirected,1
nonnullus,bonifacii_de_uitalinis,Undirected,1
nonnullus,apostolicus,Undirected,1
nonnullus,augustinus,Undirected,1
alberti,gandino,Undirected,1
alberti,bonifacii_de_uitalinis,Undirected,1
alberti,apostolicus,Undirected,1
alberti,augustinus,Undirected,1
alberti,ariminensis,Undirected,1
gandino,bonifacii_de_uitalinis,Undirected,1
gandino,apostolicus,Undirected,1
gandino,augustinus,Undirected,1
gandino,ariminensis,Undirected,1
gandino,hieronymus,Undirected,1
bonifacii_de_uitalinis,apostolicus,Undirected,1
bonifacii_de_uitalinis,augustinus,Undirected,1
bonifacii_de_uitalinis,ariminensis,Undirected,1
bonifacii_de_uitalinis,hieronymus,Undirected,1
bonifacii_de_uitalinis,chuchalo,Undirected,1
apostolicus,augustinus,Undirected,1
apostolicus,ariminensis,Undirected,1
apostolicus,hieronymus,Undirected,1
apostolicus,chuchalo,Undirected,1
apostolicus,appendicum,Undirected,1
augustinus,ariminensis,Undirected,1
augustinus,hieronymus,Undirected,1
augustinus,chuchalo,Undirected,1
augustinus,appendicum,Undirected,1
augustinus,sub-jacio,Undirected,1
ariminensis,hieronymus,Undirected,1
ariminensis,chuchalo,Undirected,1
ariminensis,appendicum,Undirected,1
ariminensis,sub-jacio,Undirected,1
hieronymus,chuchalo,Undirected,1
hieronymus,appendicum,Undirected,1
hieronymus,sub-jacio,Undirected,1
chuchalo,appendicum,Undirected,1
chuchalo,sub-jacio,Undirected,1
appendicum,sub-jacio,Undirected,1
consilium,german*,Undirected,1
consilium,jus,Undirected,2
consilium,pars,Undirected,1
consilium,celeber,Undirected,1
german*,responsum,Undirected,1
german*,jus,Undirected,1
german*,pars,Undirected,1
german*,celeber,Undirected,1
german*,academia,Undirected,1
responsum,pars,Undirected,1
responsum,celeber,Undirected,1
responsum,academia,Undirected,1
responsum,clarus,Undirected,1
jus,pars,Undirected,1
jus,celeber,Undirected,1
jus,academia,Undirected,1
jus,clarus,Undirected,1
jus,german*,Undirected,1
pars,celeber,Undirected,1
pars,academia,Undirected,1
pars,clarus,Undirected,1
pars,german*,Undirected,1
pars,iurisconsultus,Undirected,1
celeber,academia,Undirected,1
celeber,clarus,Undirected,1
celeber,german*,Undirected,1
celeber,iurisconsultus,Undirected,1
celeber,volo1,Undirected,1
academia,clarus,Undirected,1
academia,german*,Undirected,1
academia,iurisconsultus,Undirected,1
academia,volo1,Undirected,1
academia,conscribo,Undirected,1
clarus,german*,Undirected,1
clarus,iurisconsultus,Undirected,1
clarus,volo1,Undirected,1
clarus,conscribo,Undirected,1
clarus,necdum,Undirected,1
german*,iurisconsultus,Undirected,1
german*,volo1,Undirected,1
german*,conscribo,Undirected,1
german*,necdum,Undirected,1
german*,publicus,Undirected,1
iurisconsultus,volo1,Undirected,1
iurisconsultus,conscribo,Undirected,1
iurisconsultus,necdum,Undirected,1
iurisconsultus,publicus,Undirected,1
iurisconsultus,editus,Undirected,1
volo1,conscribo,Undirected,1
volo1,necdum,Undirected,1
volo1,publicus,Undirected,1
volo1,editus,Undirected,1
volo1,tomus,Undirected,1
conscribo,necdum,Undirected,1
conscribo,publicus,Undirected,1
conscribo,editus,Undirected,1
conscribo,tomus,Undirected,1
conscribo,duo,Undirected,1
necdum,publicus,Undirected,1
necdum,editus,Undirected,1
necdum,tomus,Undirected,1
necdum,duo,Undirected,1
publicus,editus,Undirected,1
publicus,tomus,Undirected,1
publicus,duo,Undirected,1
editus,tomus,Undirected,1
editus,duo,Undirected,1
tomus,duo,Undirected,1
commentarius,varius1,Undirected,1
commentarius,resolutio,Undirected,1
commentarius,jus,Undirected,2
commentarius,civilis1,Undirected,2
commentarius,communis,Undirected,1
varius1,resolutio,Undirected,1
varius1,jus,Undirected,1
varius1,civilis1,Undirected,1
varius1,communis,Undirected,1
varius1,regius,Undirected,1
resolutio,jus,Undirected,1
resolutio,civilis1,Undirected,1
resolutio,communis,Undirected,1
resolutio,regius,Undirected,1
resolutio,tomus,Undirected,1
jus,regius,Undirected,1
jus,tomus,Undirected,1
jus,tres,Undirected,1
civilis1,communis,Undirected,1
civilis1,regius,Undirected,1
civilis1,tomus,Undirected,1
civilis1,tres,Undirected,1
communis,regius,Undirected,1
communis,tomus,Undirected,1
communis,tres,Undirected,1
regius,tomus,Undirected,1
regius,tres,Undirected,1
tomus,tres,Undirected,1
decisio,sacer,Undirected,1
decisio,regius,Undirected,1
decisio,excello,Undirected,1
sacer,regius,Undirected,1
sacer,consilium,Undirected,1
sacer,neapolitanus,Undirected,1
sacer,excello,Undirected,1
sacer,vis,Undirected,1
regius,consilium,Undirected,1
regius,neapolitanus,Undirected,1
regius,excello,Undirected,1
regius,vis,Undirected,1
regius,regius,Undirected,1
consilium,neapolitanus,Undirected,1
consilium,excello,Undirected,1
consilium,vis,Undirected,1
consilium,regius,Undirected,1
consilium,consiliarius,Undirected,1
neapolitanus,excello,Undirected,1
neapolitanus,vis,Undirected,1
neapolitanus,regius,Undirected,1
neapolitanus,consiliarius,Undirected,1
neapolitanus,collectus,Undirected,1
excello,vis,Undirected,1
excello,regius,Undirected,1
excello,consiliarius,Undirected,1
excello,collectus,Undirected,1
excello,matthaeus,Undirected,1
vis,regius,Undirected,1
vis,consiliarius,Undirected,1
vis,collectus,Undirected,1
vis,matthaeus,Undirected,1
vis,affligo,Undirected,1
regius,consiliarius,Undirected,1
regius,collectus,Undirected,1
regius,matthaeus,Undirected,1
regius,affligo,Undirected,1
regius,antonio,Undirected,1
consiliarius,collectus,Undirected,1
consiliarius,matthaeus,Undirected,1
consiliarius,affligo,Undirected,1
consiliarius,antonio,Undirected,1
consiliarius,capycio,Undirected,1
collectus,matthaeus,Undirected,1
collectus,affligo,Undirected,1
collectus,antonio,Undirected,1
collectus,capycio,Undirected,1
matthaeus,antonio,Undirected,1
matthaeus,capycio,Undirected,1
matthaeus,thoma,Undirected,1
matthaeus,grammaticus,Undirected,1
affligo,antonio,Undirected,1
affligo,capycio,Undirected,1
affligo,thoma,Undirected,1
affligo,grammaticus,Undirected,1
affligo,nunc,Undirected,1
antonio,capycio,Undirected,1
antonio,thoma,Undirected,1
antonio,grammaticus,Undirected,1
antonio,nunc,Undirected,1
antonio,posterus,Undirected,1
capycio,thoma,Undirected,1
capycio,grammaticus,Undirected,1
capycio,nunc,Undirected,1
capycio,posterus,Undirected,1
capycio,editio,Undirected,1
thoma,nunc,Undirected,1
thoma,posterus,Undirected,1
thoma,editio,Undirected,1
thoma,diligens,Undirected,1
grammaticus,nunc,Undirected,1
grammaticus,posterus,Undirected,1
grammaticus,editio,Undirected,1
grammaticus,diligens,Undirected,1
grammaticus,recognitus,Undirected,1
nunc,posterus,Undirected,1
nunc,editio,Undirected,1
nunc,diligens,Undirected,1
nunc,recognitus,Undirected,1
posterus,editio,Undirected,1
posterus,diligens,Undirected,1
posterus,recognitus,Undirected,1
editio,diligens,Undirected,1
editio,recognitus,Undirected,1
diligens,recognitus,Undirected,1
corpus,decretum,Undirected,1
corpus,divus,Undirected,1
canonicus,decretum,Undirected,1
canonicus,divus,Undirected,1
canonicus,gratianus,Undirected,1
jus,decretum,Undirected,1
jus,divus,Undirected,1
jus,gratianus,Undirected,1
jus,totus1,Undirected,2
glossa,decretum,Undirected,1
glossa,divus,Undirected,1
glossa,gratianus,Undirected,1
glossa,totus1,Undirected,1
glossa,propemodum,Undirected,1
decretum,divus,Undirected,1
decretum,gratianus,Undirected,1
decretum,totus1,Undirected,1
decretum,propemodum,Undirected,1
decretum,compendium,Undirected,1
divus,gratianus,Undirected,1
divus,totus1,Undirected,1
divus,propemodum,Undirected,1
divus,compendium,Undirected,1
divus,summa,Undirected,1
gratianus,totus1,Undirected,1
gratianus,propemodum,Undirected,1
gratianus,compendium,Undirected,1
gratianus,summa,Undirected,1
gratianus,pontifex,Undirected,1
totus1,propemodum,Undirected,1
totus1,compendium,Undirected,1
totus1,summa,Undirected,2
totus1,pontifex,Undirected,1
totus1,decretum,Undirected,1
propemodum,compendium,Undirected,1
propemodum,summa,Undirected,1
propemodum,pontifex,Undirected,1
propemodum,decretum,Undirected,1
propemodum,praejudicium,Undirected,1
compendium,summa,Undirected,1
compendium,pontifex,Undirected,1
compendium,decretum,Undirected,1
compendium,praejudicium,Undirected,1
compendium,varius1,Undirected,1
summa,pontifex,Undirected,1
summa,decretum,Undirected,1
summa,praejudicium,Undirected,1
summa,varius1,Undirected,1
summa,scribo,Undirected,1
pontifex,decretum,Undirected,1
pontifex,praejudicium,Undirected,1
pontifex,varius1,Undirected,1
pontifex,scribo,Undirected,1
pontifex,glossa,Undirected,1
decretum,praejudicium,Undirected,1
decretum,varius1,Undirected,1
decretum,scribo,Undirected,1
decretum,expositio,Undirected,1
praejudicium,varius1,Undirected,1
praejudicium,scribo,Undirected,1
praejudicium,glossa,Undirected,1
praejudicium,expositio,Undirected,1
praejudicium,omne,Undirected,1
varius1,scribo,Undirected,1
varius1,glossa,Undirected,1
varius1,expositio,Undirected,1
varius1,omne,Undirected,1
varius1,pristinus1,Undirected,1
scribo,glossa,Undirected,1
scribo,expositio,Undirected,1
scribo,omne,Undirected,1
scribo,pristinus1,Undirected,1
scribo,suo,Undirected,1
glossa,expositio,Undirected,1
glossa,omne,Undirected,1
glossa,pristinus1,Undirected,1
glossa,suo,Undirected,1
glossa,nitor,Undirected,1
expositio,omne,Undirected,1
expositio,pristinus1,Undirected,1
expositio,suo,Undirected,1
expositio,nitor,Undirected,1
expositio,restituo,Undirected,1
omne,pristinus1,Undirected,1
omne,suo,Undirected,1
omne,nitor,Undirected,1
omne,restituo,Undirected,1
omne,fides1,Undirected,1
pristinus1,suo,Undirected,1
pristinus1,nitor,Undirected,1
pristinus1,restituo,Undirected,1
pristinus1,fides1,Undirected,1
pristinus1,vetus,Undirected,1
suo,nitor,Undirected,1
suo,restituo,Undirected,1
suo,fides1,Undirected,1
suo,vetus,Undirected,1
suo,codex,Undirected,1
nitor,restituo,Undirected,1
nitor,fides1,Undirected,1
nitor,vetus,Undirected,1
nitor,codex,Undirected,1
restituo,fides1,Undirected,1
restituo,vetus,Undirected,1
restituo,codex,Undirected,1
fides1,vetus,Undirected,1
fides1,codex,Undirected,1
vetus,codex,Undirected,2
syntagma,jus,Undirected,1
syntagma,universus,Undirected,1
syntagma,petrus,Undirected,1
syntagma,greg,Undirected,1
syntagma,tolosa,Undirected,1
jus,universus,Undirected,1
jus,petrus,Undirected,1
jus,greg,Undirected,1
jus,tolosa,Undirected,1
universus,petrus,Undirected,1
universus,greg,Undirected,1
universus,tolosa,Undirected,1
petrus,greg,Undirected,1
petrus,tolosa,Undirected,1
greg,tolosa,Undirected,1
uocabularius,utriusque,Undirected,1
uocabularius,jus,Undirected,1
decisio,diffinitiones,Undirected,1
decisio,causa,Undirected,2
decisio,perusina,Undirected,1
decisio,provincialis,Undirected,1
decisio,umbria,Undirected,1
diffinitiones,causa,Undirected,1
diffinitiones,perusina,Undirected,1
diffinitiones,provincialis,Undirected,1
diffinitiones,umbria,Undirected,1
causa,perusina,Undirected,1
causa,provincialis,Undirected,1
causa,umbria,Undirected,1
perusina,provincialis,Undirected,1
perusina,umbria,Undirected,1
provincialis,umbria,Undirected,1
practicus,criminalis,Undirected,1
decisio,dominus,Undirected,1
decisio,roto,Undirected,1
dominus,roto,Undirected,1
dominus,novus,Undirected,1
dominus,antiquus,Undirected,2
roto,novus,Undirected,1
roto,antiquus,Undirected,2
novus,antiquus,Undirected,2
antiquus,antiquus,Undirected,1
classis,actio,Undirected,1
consilium,summaria,Undirected,1
consilium,index,Undirected,2
consilium,locuples,Undirected,2
responsum,summaria,Undirected,1
responsum,index,Undirected,1
responsum,locuples,Undirected,1
consilium,aureus,Undirected,1
consilium,penum,Undirected,1
consilium,divinus,Undirected,1
consilium,utriusque,Undirected,1
aureus,penum,Undirected,1
aureus,divinus,Undirected,1
aureus,responsum,Undirected,1
aureus,utriusque,Undirected,1
aureus,jus,Undirected,1
penum,divinus,Undirected,1
penum,responsum,Undirected,1
penum,utriusque,Undirected,1
penum,jus,Undirected,1
penum,praxis,Undirected,1
divinus,responsum,Undirected,1
divinus,utriusque,Undirected,1
divinus,jus,Undirected,1
divinus,praxis,Undirected,1
divinus,ambiguitas,Undirected,1
responsum,utriusque,Undirected,1
responsum,praxis,Undirected,1
responsum,ambiguitas,Undirected,1
responsum,explico,Undirected,1
utriusque,praxis,Undirected,1
utriusque,ambiguitas,Undirected,1
utriusque,explico,Undirected,1
utriusque,totus1,Undirected,1
jus,praxis,Undirected,1
jus,ambiguitas,Undirected,1
jus,explico,Undirected,1
jus,respublica,Undirected,1
praxis,ambiguitas,Undirected,1
praxis,explico,Undirected,1
praxis,totus1,Undirected,1
praxis,respublica,Undirected,1
praxis,summa,Undirected,1
ambiguitas,explico,Undirected,1
ambiguitas,totus1,Undirected,1
ambiguitas,respublica,Undirected,1
ambiguitas,summa,Undirected,1
ambiguitas,gratia,Undirected,1
explico,totus1,Undirected,1
explico,respublica,Undirected,1
explico,summa,Undirected,1
explico,gratia,Undirected,1
explico,determinare,Undirected,1
totus1,respublica,Undirected,1
totus1,gratia,Undirected,1
totus1,determinare,Undirected,1
respublica,summa,Undirected,1
respublica,gratia,Undirected,1
respublica,determinare,Undirected,1
summa,gratia,Undirected,1
summa,determinare,Undirected,1
gratia,determinare,Undirected,1
tractatus,feudalis,Undirected,1
decisio,alius2,Undirected,1
decisio,auditor,Undirected,1
decisio,rota,Undirected,1
decisio,sacro,Undirected,1
causa,alius2,Undirected,1
causa,auditor,Undirected,1
causa,rota,Undirected,1
causa,sacro,Undirected,1
causa,palatium,Undirected,1
alius2,auditor,Undirected,1
alius2,rota,Undirected,1
alius2,sacro,Undirected,1
alius2,palatium,Undirected,1
alius2,refero,Undirected,1
auditor,rota,Undirected,1
auditor,sacro,Undirected,1
auditor,palatium,Undirected,1
auditor,refero,Undirected,1
auditor,collectus,Undirected,1
rota,sacro,Undirected,1
rota,palatium,Undirected,1
rota,refero,Undirected,1
rota,collectus,Undirected,1
rota,tres,Undirected,1
sacro,palatium,Undirected,1
sacro,refero,Undirected,1
sacro,collectus,Undirected,1
sacro,tres,Undirected,1
sacro,liber4,Undirected,1
palatium,refero,Undirected,1
palatium,collectus,Undirected,1
palatium,tres,Undirected,1
palatium,liber4,Undirected,1
palatium,divido,Undirected,1
refero,collectus,Undirected,1
refero,tres,Undirected,1
refero,liber4,Undirected,1
refero,divido,Undirected,1
collectus,tres,Undirected,1
collectus,liber4,Undirected,1
collectus,divido,Undirected,1
tres,liber4,Undirected,1
tres,divido,Undirected,1
liber4,divido,Undirected,1
commentaria,titulus,Undirected,1
commentaria,digestum,Undirected,1
commentaria,verbum,Undirected,1
commentaria,res,Undirected,1
commentaria,significatio,Undirected,1
titulus,digestum,Undirected,1
titulus,verbum,Undirected,1
titulus,res,Undirected,1
titulus,significatio,Undirected,1
digestum,verbum,Undirected,1
digestum,res,Undirected,1
digestum,significatio,Undirected,1
verbum,res,Undirected,1
verbum,significatio,Undirected,1
res,significatio,Undirected,1
commentarius,constitutio,Undirected,1
commentarius,ordinatio,Undirected,1
commentarius,regia,Undirected,1
commentarius,curo,Undirected,1
commentarius,audomari_rebuffo,Undirected,1
constitutio,ordinatio,Undirected,1
constitutio,regia,Undirected,1
constitutio,curo,Undirected,1
constitutio,audomari_rebuffo,Undirected,1
ordinatio,regia,Undirected,1
ordinatio,curo,Undirected,1
ordinatio,audomari_rebuffo,Undirected,1
regia,curo,Undirected,1
regia,audomari_rebuffo,Undirected,1
curo,audomari_rebuffo,Undirected,1
privilegium,immunitas,Undirected,1
privilegium,universitas,Undirected,1
privilegium,doctor,Undirected,1
privilegium,magister,Undirected,1
privilegium,studiosus,Undirected,1
immunitas,universitas,Undirected,1
immunitas,doctor,Undirected,1
immunitas,magister,Undirected,1
immunitas,studiosus,Undirected,1
immunitas,commentatio,Undirected,1
universitas,doctor,Undirected,1
universitas,magister,Undirected,1
universitas,studiosus,Undirected,1
universitas,commentatio,Undirected,1
universitas,enucleare,Undirected,1
doctor,magister,Undirected,1
doctor,studiosus,Undirected,1
doctor,commentatio,Undirected,1
doctor,enucleare,Undirected,1
doctor,authenticus,Undirected,1
magister,studiosus,Undirected,1
magister,commentatio,Undirected,1
magister,enucleare,Undirected,1
magister,authenticus,Undirected,1
magister,habeo,Undirected,1
studiosus,commentatio,Undirected,1
studiosus,enucleare,Undirected,1
studiosus,authenticus,Undirected,1
studiosus,habeo,Undirected,1
studiosus,filius,Undirected,1
commentatio,enucleare,Undirected,1
commentatio,authenticus,Undirected,1
commentatio,habeo,Undirected,1
commentatio,filius,Undirected,1
commentatio,pater,Undirected,1
enucleare,authenticus,Undirected,1
enucleare,habeo,Undirected,1
enucleare,filius,Undirected,1
enucleare,pater,Undirected,1
enucleare,dilucidus,Undirected,1
authenticus,habeo,Undirected,1
authenticus,filius,Undirected,1
authenticus,pater,Undirected,1
authenticus,dilucidus,Undirected,1
authenticus,explanatio,Undirected,1
habeo,filius,Undirected,1
habeo,pater,Undirected,1
habeo,dilucidus,Undirected,1
habeo,explanatio,Undirected,1
filius,pater,Undirected,1
filius,dilucidus,Undirected,1
filius,explanatio,Undirected,1
pater,dilucidus,Undirected,1
pater,explanatio,Undirected,1
dilucidus,explanatio,Undirected,1
tractatus,concordatum,Undirected,1
tractatus,sanctus,Undirected,1
tractatus,noster,Undirected,1
tractatus,papa,Undirected,1
tractatus,leo2,Undirected,1
concordatum,sanctus,Undirected,1
concordatum,noster,Undirected,1
concordatum,papa,Undirected,1
concordatum,leo2,Undirected,1
concordatum,decinum,Undirected,1
sanctus,noster,Undirected,1
sanctus,papa,Undirected,1
sanctus,leo2,Undirected,1
sanctus,decinum,Undirected,1
sanctus,sedo,Undirected,1
noster,papa,Undirected,1
noster,leo2,Undirected,1
noster,decinum,Undirected,1
noster,sedo,Undirected,1
noster,apostolicus,Undirected,1
papa,leo2,Undirected,1
papa,decinum,Undirected,1
papa,sedo,Undirected,1
papa,apostolicus,Undirected,1
papa,editus,Undirected,1
leo2,decinum,Undirected,1
leo2,sedo,Undirected,1
leo2,apostolicus,Undirected,1
leo2,editus,Undirected,1
decinum,sedo,Undirected,1
decinum,apostolicus,Undirected,1
decinum,editus,Undirected,1
sedo,apostolicus,Undirected,1
sedo,editus,Undirected,1
apostolicus,editus,Undirected,1
praxis,beneficus,Undirected,1
commentarius,digestum,Undirected,1
commentarius,vetus,Undirected,1
commentarius,codex,Undirected,1
digestum,vetus,Undirected,1
digestum,codex,Undirected,1
fasciculus,tempus,Undirected,1
consilium,res,Undirected,1
consilium,summus,Undirected,1
consilium,illustratio,Undirected,1
res,summus,Undirected,1
res,index,Undirected,1
res,illustratio,Undirected,1
summus,locuples,Undirected,1
summus,index,Undirected,1
summus,illustratio,Undirected,1
locuples,index,Undirected,1
locuples,illustratio,Undirected,1
index,illustratio,Undirected,1
decretales,tractatus,Undirected,1
praelectio,acquierer,Undirected,1
praelectio,possessio,Undirected,1
praelectio,usucapio2,Undirected,1
praelectio,verbum,Undirected,1
praelectio,obligo,Undirected,1
acquierer,possessio,Undirected,1
acquierer,usucapio2,Undirected,1
acquierer,verbum,Undirected,1
acquierer,obligo,Undirected,1
possessio,usucapio2,Undirected,1
possessio,verbum,Undirected,1
possessio,obligo,Undirected,1
usucapio2,verbum,Undirected,1
usucapio2,obligo,Undirected,1
verbum,obligo,Undirected,1
tractatus,successio,Undirected,1
